Rk;Player;Pos;Age;Tm;G;GS;MP;FG;FGA;FG%;3P;3PA;3P%;2P;2PA;2P%;eFG%;FT;FTA;FT%;ORB;DRB;TRB;AST;STL;BLK;TOV;PF;PTS
1;Precious Achiuwa;PF-C;24;TOT;59;18;23.1;3.5;6.9;0.5;0.4;1.5;0.27;3.1;5.4;0.564;0.529;1;1.6;0.621;2.7;4;6.7;1.4;0.7;1;1.2;1.9;8.4
1;Precious Achiuwa;C;24;TOR;25;0;17.5;3.1;6.8;0.459;0.5;1.9;0.277;2.6;4.9;0.528;0.497;1;1.7;0.571;2;3.4;5.4;1.8;0.6;0.5;1.2;1.6;7.7
1;Precious Achiuwa;PF;24;NYK;34;18;27.1;3.7;7.1;0.529;0.3;1.2;0.262;3.4;5.8;0.586;0.552;1;1.6;0.66;3.2;4.5;7.7;1.1;0.8;1.3;1.2;2.2;8.8
2;Bam Adebayo;C;26;MIA;56;56;34.5;7.6;14.9;0.511;0.1;0.3;0.188;7.6;14.6;0.517;0.513;4.6;6;0.754;2.3;8.1;10.4;3.9;1.1;1;2.3;2.4;19.9
3;Ochai Agbaji;SG;23;TOT;66;17;19.6;2.1;5.2;0.409;0.8;2.7;0.309;1.3;2.4;0.522;0.491;0.4;0.5;0.727;0.7;1.7;2.5;0.9;0.5;0.5;0.7;1.4;5.5
3;Ochai Agbaji;SG;23;UTA;51;10;19.7;2.1;4.9;0.426;0.9;2.8;0.331;1.2;2.1;0.551;0.52;0.3;0.4;0.75;0.7;1.8;2.5;0.9;0.5;0.6;0.7;1.3;5.4
3;Ochai Agbaji;SG;23;TOR;15;7;19.5;2.3;6.2;0.366;0.6;2.6;0.231;1.7;3.6;0.463;0.414;0.6;0.9;0.692;0.9;1.5;2.4;0.9;0.5;0.4;0.9;1.9;5.7
4;Santi Aldama;PF;23;MEM;54;28;25.8;4;9.3;0.431;1.6;4.9;0.34;2.4;4.5;0.529;0.519;0.9;1.4;0.613;1.2;4.4;5.6;2.2;0.7;0.8;1.2;1.4;10.5
5;Nickeil Alexander-Walker;SG;25;MIN;66;18;23.4;2.8;6.3;0.438;1.5;3.9;0.384;1.3;2.4;0.525;0.556;0.6;0.8;0.792;0.5;1.6;2;2.6;0.8;0.5;1;1.8;7.7
6;Grayson Allen;SG;28;PHO;61;61;33.7;4.4;8.7;0.504;2.7;5.7;0.476;1.7;3;0.557;0.659;1.7;1.9;0.889;0.6;3.2;3.8;3;0.9;0.6;1.3;2.2;13.2
7;Jarrett Allen;C;25;CLE;61;61;31.7;6.6;10.5;0.626;0;0.1;0;6.6;10.4;0.631;0.626;3.1;4.2;0.733;3.4;7.3;10.7;2.7;0.7;1.2;1.6;2.1;16.2
8;Jose Alvarado;PG;25;NOP;45;0;17.2;2.5;6;0.417;1.3;3.5;0.369;1.2;2.5;0.482;0.524;0.6;0.9;0.69;0.4;1.8;2.1;1.9;1.1;0.3;0.8;1.5;7
9;Kyle Anderson;PF;30;MIN;63;7;22.4;2.5;5.3;0.471;0.1;0.6;0.211;2.3;4.7;0.505;0.483;1.2;1.7;0.7;0.8;2.8;3.5;4.1;0.8;0.5;1.3;1.5;6.3
10;Giannis Antetokounmpo;PF;29;MIL;64;64;35;11.4;18.6;0.616;0.5;1.8;0.292;10.9;16.8;0.65;0.63;7.4;11.2;0.665;2.5;8.7;11.2;6.4;1.2;1;3.4;2.9;30.8
11;Thanasis Antetokounmpo;PF;31;MIL;28;0;4.8;0.5;0.9;0.5;0;0;0;0.5;0.9;0.52;0.5;0;0.1;0;0.2;0.2;0.4;0.5;0.2;0.1;0.4;0.8;0.9
12;Cole Anthony;PG;23;ORL;66;0;22.9;4;9.4;0.429;1;3.3;0.316;3;6.1;0.489;0.484;2.5;3.1;0.824;0.8;3.1;3.9;3;0.8;0.5;1.6;2.4;11.6
13;OG Anunoby;SF;26;TOT;43;43;34.1;5.8;11.6;0.498;2.1;5.5;0.377;3.7;6.1;0.606;0.587;1.5;2;0.767;1;3.3;4.3;2.3;1.3;0.7;1.6;2.3;15.2
13;OG Anunoby;SF;26;TOR;27;27;33.3;5.8;11.9;0.489;2.3;6;0.374;3.6;5.9;0.608;0.584;1.2;1.7;0.717;0.9;3;3.9;2.7;1;0.5;1.6;2.3;15.1
13;OG Anunoby;SF;26;NYK;16;16;35.3;5.8;11.2;0.514;1.8;4.6;0.384;4;6.6;0.604;0.592;2.1;2.5;0.825;1.1;3.8;4.9;1.6;1.8;0.9;1.5;2.4;15.3
14;Ryan Arcidiacono;PG;29;NYK;20;0;2.3;0;0.3;0;0;0.3;0;0;0;0;0;0;0;0;0;0.4;0.4;0.2;0.1;0;0.1;0.3;0
15;Deni Avdija;SF;23;WAS;63;63;29;5.2;10.2;0.512;1.1;2.9;0.388;4.1;7.3;0.561;0.567;2.4;3.3;0.738;1.2;5.7;6.9;3.7;0.8;0.4;2;2.5;14
16;Deandre Ayton;C;25;POR;44;44;32.2;7.2;12.5;0.576;0;0;0.5;7.2;12.5;0.577;0.577;1.2;1.4;0.841;3.2;7.9;11.1;1.6;1;0.8;1.8;2.1;15.6
17;Udoka Azubuike;C;24;PHO;14;0;7.6;1.1;1.6;0.727;0;0;0;1.1;1.6;0.727;0.727;0.2;0.8;0.273;0.8;1.5;2.3;0.2;0.1;0.4;0.3;1.2;2.5
18;Ibou Badji;C;21;POR;18;1;11.3;0.7;1.1;0.632;0;0;0;0.7;1.1;0.632;0.632;0.3;0.6;0.5;1.1;1.6;2.7;0.7;0.1;1.1;0.8;2.3;1.6
19;Marvin Bagley III;C;24;TOT;44;22;21.2;4.7;8.2;0.575;0.1;0.4;0.294;4.6;7.8;0.589;0.582;2;2.7;0.748;2.7;3.5;6.2;1.2;0.4;0.6;1.2;1.8;11.5
19;Marvin Bagley III;C;24;DET;26;10;18.4;4.1;7;0.591;0;0.2;0.167;4.1;6.7;0.606;0.594;1.9;2.3;0.82;1.8;2.8;4.5;1;0.2;0.5;1.1;1.5;10.2
19;Marvin Bagley III;C;24;WAS;18;12;25.2;5.6;9.9;0.559;0.2;0.6;0.364;5.3;9.3;0.571;0.57;2.2;3.2;0.672;4.1;4.5;8.6;1.5;0.7;0.8;1.3;2.1;13.5
20;Amari Bailey;PG;19;CHO;4;0;4;0.5;1.8;0.286;0;0.8;0;0.5;1;0.5;0.286;0.3;0.5;0.5;0.5;0;0.5;0.3;0;0;0.3;0;1.3
21;Patrick Baldwin Jr.;SF;21;WAS;23;0;8.1;0.9;2.5;0.362;0.5;1.4;0.364;0.4;1.1;0.36;0.466;0.4;0.6;0.692;0.4;2;2.4;0.4;0.2;0.2;0.3;1;2.7
22;LaMelo Ball;PG;22;CHO;22;22;32.3;8.3;19.2;0.433;3.2;9;0.355;5.1;10.3;0.5;0.515;4.1;4.7;0.865;1.3;3.8;5.1;8;1.8;0.2;3.8;3.6;23.9
23;Mo Bamba;C;25;PHI;44;7;11.8;1.5;3.2;0.479;0.4;0.9;0.41;1.2;2.3;0.505;0.535;0.5;0.8;0.636;1.3;2.4;3.8;0.7;0.3;0.9;0.7;1.6;3.9
24;Paolo Banchero;PF;21;ORL;65;65;34.9;8.1;17.5;0.461;1.5;4.1;0.362;6.6;13.4;0.491;0.503;5.1;7.1;0.714;1.1;5.7;6.8;5.3;1;0.6;3.1;2;22.7
25;Desmond Bane;SG;25;MEM;37;37;34.5;8.9;18.8;0.474;3.3;8.6;0.384;5.6;10.2;0.551;0.563;3.3;3.8;0.864;0.9;3.6;4.6;5.3;1;0.5;2.7;2.9;24.4
26;Dalano Banton;PG;24;TOT;39;7;13.6;2.4;5.8;0.405;0.7;2.1;0.325;1.7;3.7;0.451;0.465;1.3;1.7;0.731;0.7;1.8;2.5;1.5;0.4;0.2;0.9;1.1;6.7
26;Dalano Banton;PG;24;BOS;24;1;7.1;0.8;2.1;0.373;0.1;0.7;0.125;0.7;1.5;0.486;0.392;0.7;0.8;0.8;0.5;1;1.5;0.8;0.2;0.1;0.4;0.8;2.3
26;Dalano Banton;PG;24;POR;15;6;24.1;4.9;11.7;0.415;1.7;4.5;0.373;3.2;7.3;0.44;0.486;2.2;3.1;0.702;1.1;3.1;4.2;2.6;0.7;0.4;1.6;1.6;13.6
27;Dominick Barlow;PF;20;SAS;29;1;12.9;1.8;3.6;0.51;0.1;0.3;0.333;1.7;3.3;0.526;0.524;0.9;1.4;0.675;1.4;2.1;3.6;1.1;0.4;0.5;0.2;1.6;4.7
28;Harrison Barnes;PF;31;SAC;65;65;29.3;4.3;8.8;0.489;1.9;4.8;0.406;2.4;4;0.588;0.6;1.8;2.2;0.806;0.8;2.1;2.8;1.1;0.7;0.2;0.7;1.3;12.3
29;Scottie Barnes;SG;22;TOR;60;60;34.9;7.5;15.7;0.475;1.7;4.9;0.341;5.8;10.8;0.536;0.528;3.3;4.2;0.781;2.4;5.9;8.2;6.1;1.3;1.5;2.8;2;19.9
30;RJ Barrett;SG;23;TOT;53;53;31.6;7.3;14.9;0.489;1.6;4.4;0.369;5.6;10.5;0.539;0.543;3.4;4.8;0.709;0.9;4.4;5.3;3.2;0.5;0.4;2;2.2;19.5
30;RJ Barrett;SG;23;NYK;26;26;29.5;6.3;14.9;0.423;1.7;5;0.331;4.7;9.9;0.469;0.478;4;4.8;0.831;0.7;3.5;4.3;2.4;0.5;0.3;1.8;1.7;18.2
30;RJ Barrett;SG;23;TOR;27;27;33.7;8.2;14.8;0.553;1.6;3.8;0.417;6.6;11;0.599;0.606;2.9;4.8;0.592;1;5.2;6.2;4;0.6;0.4;2.2;2.6;20.8
31;Charles Bassey;C;23;SAS;19;0;10.8;1.5;2.1;0.725;0;0.1;0;1.5;2.1;0.744;0.725;0.3;0.3;0.833;1.2;2.8;4;1.1;0.4;0.9;0.8;1.6;3.3
32;Emoni Bates;SF;20;CLE;11;0;8;0.8;2.9;0.281;0.5;2.2;0.25;0.3;0.7;0.375;0.375;0.1;0.4;0.25;0.1;0.9;1;0.5;0.1;0.2;0.2;0.5;2.3
33;Keita Bates-Diop;SF;28;TOT;50;8;13.1;1.4;3.3;0.434;0.4;1.4;0.304;1;1.9;0.526;0.497;0.6;0.8;0.75;0.6;1.5;2.2;0.7;0.5;0.4;0.3;0.7;3.9
33;Keita Bates-Diop;SF;28;PHO;39;8;15.3;1.6;3.8;0.427;0.5;1.6;0.313;1.1;2.2;0.512;0.493;0.7;0.9;0.722;0.8;1.8;2.6;0.9;0.6;0.5;0.3;0.8;4.5
33;Keita Bates-Diop;SF;28;BRK;11;0;5.2;0.7;1.5;0.5;0.1;0.5;0.2;0.6;1;0.636;0.531;0.4;0.4;1;0.1;0.5;0.6;0.3;0.2;0.2;0.2;0.1;1.9
34;Nicolas Batum;PF;35;TOT;45;30;24.3;1.9;4;0.462;1.2;2.9;0.4;0.7;1.2;0.615;0.604;0.3;0.4;0.737;1.2;2.7;3.9;2.1;0.7;0.7;0.6;1.9;5.2
34;Nicolas Batum;PF;35;LAC;3;0;18;1;2.7;0.375;0.7;2.3;0.286;0.3;0.3;1;0.5;0;0;0;0;2.3;2.3;1.7;1;1.3;0.3;1.7;2.7
34;Nicolas Batum;PF;35;PHI;42;30;24.8;1.9;4.1;0.466;1.2;2.9;0.407;0.7;1.2;0.608;0.609;0.3;0.5;0.737;1.3;2.7;4;2.2;0.7;0.6;0.6;2;5.4
35;Darius Bazley;PF;23;PHI;3;0;3.3;0;0.3;0;0;0;0;0;0.3;0;0;0;0;0;0;0.3;0.3;0.7;0;0;0.3;0;0
36;Bradley Beal;SG;30;PHO;38;38;32.8;7.3;14.6;0.501;1.7;4.4;0.379;5.6;10.1;0.555;0.559;2.3;2.9;0.793;0.9;3.2;4.1;4.7;1;0.3;2.4;2.6;18.6
37;Malik Beasley;SG;27;MIL;64;64;29.7;4.1;9;0.456;2.9;6.7;0.432;1.2;2.3;0.527;0.617;0.3;0.4;0.643;0.6;3.2;3.8;1.4;0.8;0.1;0.7;2;11.4
38;MarJon Beauchamp;SF;23;MIL;45;1;13.1;1.6;3.4;0.477;0.6;1.6;0.394;1;1.9;0.548;0.568;0.4;0.6;0.679;0.5;1.6;2.1;0.7;0.3;0.1;0.6;1.2;4.3
39;Jules Bernard;SG;24;WAS;9;0;4.3;0.8;1.9;0.412;0.3;1.2;0.273;0.4;0.7;0.667;0.5;0.1;0.3;0.333;0.3;0.3;0.7;0.6;0.1;0.1;0.2;0.7;2
40;D?vis Bert?ns;PF;31;TOT;29;0;12.7;1.7;4.6;0.373;1.6;4.1;0.381;0.2;0.6;0.313;0.541;0.7;0.8;0.864;0.2;1.1;1.4;0.9;0.5;0.2;0.2;1;5.7
40;D?vis Bert?ns;PF;31;OKC;15;0;6.1;0.7;1.7;0.385;0.7;1.6;0.417;0;0.1;0;0.577;0.9;1;0.933;0.1;0.5;0.7;0.6;0.2;0.2;0.1;0.7;2.9
40;D?vis Bert?ns;PF;31;CHO;14;0;19.8;2.9;7.7;0.37;2.5;6.7;0.372;0.4;1;0.357;0.532;0.4;0.5;0.714;0.4;1.8;2.1;1.1;0.8;0.2;0.4;1.4;8.6
41;Patrick Beverley;PG;35;TOT;62;7;19.4;2.1;5.1;0.416;0.8;2.4;0.333;1.3;2.7;0.491;0.495;1;1.2;0.803;0.6;2.5;3.1;2.8;0.6;0.4;1;1.8;6
41;Patrick Beverley;PG;35;PHI;47;5;19.6;2.2;5.1;0.432;0.7;2.3;0.321;1.5;2.8;0.523;0.504;1.1;1.3;0.81;0.6;2.4;3.1;3.1;0.5;0.4;1;1.8;6.3
41;Patrick Beverley;PG;35;MIL;15;2;19.1;1.9;5.1;0.368;1;2.7;0.366;0.9;2.3;0.371;0.467;0.7;0.9;0.769;0.7;2.5;3.1;2.1;0.9;0.5;0.7;2;5.4
42;Saddiq Bey;SF;24;ATL;63;51;32.7;4.6;11.1;0.416;1.8;5.7;0.316;2.8;5.4;0.522;0.497;2.7;3.2;0.837;2.7;3.9;6.5;1.5;0.8;0.2;0.9;1.4;13.7
43;Goga Bitadze;C;24;ORL;53;33;17.1;2.2;3.7;0.608;0;0.2;0.167;2.2;3.4;0.637;0.613;1;1.5;0.658;1.9;3.2;5.1;1.4;0.6;1.3;0.8;1.9;5.5
44;Onuralp Bitim;SG;24;CHI;11;0;13.7;1.7;3.9;0.442;0.8;2.3;0.36;0.9;1.6;0.556;0.547;0.3;0.4;0.75;0.5;1.2;1.6;0.6;0.2;0.1;0.5;0.9;4.5
45;Bismack Biyombo;C;31;TOT;35;27;21.4;1.9;3.5;0.553;0;0;0;1.9;3.5;0.553;0.553;0.7;1.4;0.5;1.7;3.9;5.6;1.5;0.3;1;1.1;2.5;4.6
45;Bismack Biyombo;C;31;MEM;30;27;23.9;2.2;4;0.563;0;0;0;2.2;4;0.563;0.563;0.7;1.5;0.478;1.9;4.5;6.4;1.7;0.3;1.1;1.3;2.7;5.2
45;Bismack Biyombo;C;31;OKC;5;0;6.4;0.2;0.8;0.25;0;0;0;0.2;0.8;0.25;0.25;0.4;0.4;1;0.6;0.6;1.2;0.4;0;0.2;0.4;1.2;0.8
46;Anthony Black;PG;20;ORL;60;33;18.2;1.8;3.8;0.459;0.6;1.5;0.391;1.2;2.4;0.5;0.533;0.8;1.3;0.64;0.5;1.7;2.3;1.5;0.6;0.3;0.9;1.8;4.9
47;Leaky Black;SF;24;CHO;22;3;9.9;0.8;1.8;0.436;0.3;0.7;0.467;0.5;1.1;0.417;0.526;0.4;0.6;0.643;0.4;1.4;1.7;0.8;0.2;0.3;0.2;0.7;2.3
48;Bogdan Bogdanovi?;SG;31;ATL;63;17;29.7;5.9;14;0.423;3.1;8.3;0.37;2.8;5.6;0.501;0.534;1.7;1.9;0.916;0.6;2.7;3.3;3;1.3;0.3;1.3;2.3;16.6
49;Bojan Bogdanovi?;PF-SF;34;TOT;41;27;29.7;6.1;13.5;0.452;2.7;6.8;0.401;3.4;6.8;0.504;0.552;2.6;3.2;0.789;0.4;2.6;3;2;0.7;0.1;2;2;17.5
49;Bojan Bogdanovi?;PF;34;DET;28;27;32.9;7.1;15.2;0.468;3.1;7.4;0.415;4;7.8;0.518;0.569;2.9;3.7;0.779;0.5;2.9;3.4;2.5;0.8;0.1;2.3;2;20.2
49;Bojan Bogdanovi?;SF;34;NYK;13;0;22.7;4;10;0.4;1.9;5.4;0.357;2.1;4.6;0.45;0.496;1.8;2.2;0.828;0.4;2;2.4;1;0.4;0.1;1.5;2;11.8
50;Bol Bol;PF;24;PHO;29;0;11.2;2.4;4;0.609;0.4;1.2;0.343;2;2.8;0.725;0.661;0.3;0.4;0.727;1;2.5;3.5;0.4;0.2;0.6;0.4;1.1;5.5
51;Marques Bolden;C;25;TOT;4;0;4;0;0.3;0;0;0;0;0;0.3;0;0;0;0;0;0;0.8;0.8;0;0;0;0.3;0.5;0
51;Marques Bolden;C;25;MIL;2;0;1.5;0;0;0;0;0;0;0;0;0;0;0;0;0;0;1;1;0;0;0;0;0.5;0
51;Marques Bolden;C;25;CHO;2;0;6.5;0;0.5;0;0;0;0;0;0.5;0;0;0;0;0;0;0.5;0.5;0;0;0;0.5;0.5;0
52;Devin Booker;PG;27;PHO;53;53;35.8;9.5;19.5;0.491;2.1;5.9;0.363;7.4;13.6;0.546;0.546;6.1;6.9;0.885;0.7;3.8;4.6;6.9;0.9;0.4;2.5;3;27.3
53;Brandon Boston Jr.;SF;22;LAC;22;0;7.5;1.5;3.6;0.405;0.3;1.1;0.28;1.1;2.5;0.463;0.449;0.6;0.8;0.722;0.5;0.5;1;0.3;0.1;0.2;0.3;1;3.8
54;Chris Boucher;PF;31;TOR;50;0;14.1;2.2;4.3;0.507;0.6;1.9;0.33;1.6;2.5;0.642;0.578;1.4;1.8;0.772;1.2;2.9;4.1;0.5;0.3;0.5;0.6;1.4;6.4
55;James Bouknight;SG;23;CHO;14;0;5.8;1.3;2.9;0.439;0.9;2.1;0.433;0.4;0.8;0.455;0.598;0.1;0.1;0.5;0.1;0.6;0.6;0.4;0.1;0.1;0.1;0.2;3.6
56;Jamaree Bouyea;PG;24;POR;6;0;9.5;0.8;3.5;0.238;0;1.3;0;0.8;2.2;0.385;0.238;0;0;0;0.3;1.3;1.7;1.3;0;0;1.3;0.5;1.7
57;Malaki Branham;PG;20;SAS;62;23;20.6;3.5;8.1;0.43;1.1;3.3;0.34;2.3;4.7;0.493;0.5;0.7;0.8;0.938;0.4;1.6;1.9;2.2;0.4;0.1;1.2;1.2;8.8
58;Christian Braun;SG;22;DEN;67;1;19.2;2.6;5.6;0.456;0.7;1.9;0.371;1.9;3.7;0.498;0.517;1.2;1.7;0.703;0.8;2.7;3.6;1.4;0.5;0.4;0.7;1.7;7
59;Mikal Bridges;SF;27;BRK;66;66;35.3;7.3;16.6;0.443;2.6;7;0.363;4.8;9.5;0.502;0.52;3.6;4.5;0.814;0.8;3.9;4.7;3.7;1;0.4;2.1;1.5;20.9
60;Miles Bridges;SF;25;CHO;56;54;37.6;8.3;18;0.459;2.4;6.6;0.357;5.9;11.4;0.519;0.525;2.6;3.1;0.827;1;6.6;7.6;3.3;1;0.5;2;1.8;21.4
61;Oshae Brissett;SF;25;BOS;43;0;10.8;1.2;2.6;0.46;0.3;1;0.273;0.9;1.6;0.58;0.513;0.9;1.4;0.627;1;1.8;2.8;0.8;0.4;0.1;0.3;1;3.6
62;Izaiah Brockington;PG;24;NOP;1;0;3;2;5;0.4;0;1;0;2;4;0.5;0.4;0;0;0;1;1;2;0;0;0;0;0;4
63;Malcolm Brogdon;PG;31;POR;39;25;28.7;5.6;12.7;0.44;2.1;5.1;0.412;3.5;7.6;0.458;0.522;2.4;3;0.819;0.7;3.1;3.8;5.5;0.7;0.2;1.5;1.5;15.7
64;Armoni Brooks;PG;25;BRK;10;0;10.4;1.5;4.6;0.326;1.1;3.2;0.344;0.4;1.4;0.286;0.446;0.1;0.2;0.5;0.7;1.1;1.8;0.5;0.1;0.1;0.3;0.3;4.2
65;Dillon Brooks;SF;28;HOU;57;57;31.3;4.6;10.6;0.437;1.9;5;0.375;2.8;5.6;0.492;0.526;1.8;2.1;0.835;0.8;2.8;3.5;1.7;0.9;0.1;1.3;3.3;12.9
66;Bruce Brown;SG-PG;27;TOT;55;40;28.4;4.2;8.9;0.467;0.8;2.6;0.313;3.4;6.3;0.532;0.513;1.8;2.1;0.86;0.8;3.7;4.5;2.8;0.9;0.3;1.1;2.3;11
66;Bruce Brown;SG;27;IND;33;33;29.7;4.5;9.5;0.475;1;3.1;0.327;3.5;6.5;0.545;0.527;2;2.5;0.817;0.8;3.9;4.7;3;1.1;0.2;1.2;2.5;12.1
66;Bruce Brown;PG;27;TOR;22;7;26.5;3.7;8.1;0.455;0.5;2;0.279;3.1;6.1;0.511;0.489;1.4;1.5;0.969;0.9;3.5;4.3;2.5;0.7;0.4;1;2;9.3
67;Charlie Brown Jr.;SG;26;NYK;8;0;4.6;0.3;1.3;0.2;0.3;0.9;0.286;0;0.4;0;0.3;0;0;0;0.1;0.1;0.3;0;0;0.3;0.3;0.6;0.8
68;Greg Brown III;PF;22;DAL;6;0;6.7;0.8;1.8;0.455;0.2;0.5;0.333;0.7;1.3;0.5;0.5;0.7;1.5;0.444;0.5;1;1.5;0.7;0;0.7;0.7;0.8;2.5
69;Jaylen Brown;SF;27;BOS;60;60;33.4;9;17.9;0.502;2.1;5.9;0.354;6.9;12.1;0.574;0.56;3.1;4.3;0.704;1.2;4.4;5.6;3.7;1.1;0.5;2.3;2.7;23.1
70;Kendall Brown;SG;20;IND;8;0;3.5;0.4;0.8;0.5;0;0.1;0;0.4;0.6;0.6;0.5;0.5;0.8;0.667;0.3;0;0.3;0.3;0;0;0;0.5;1.3
71;Kobe Brown;PF;24;LAC;35;0;8.3;0.7;1.8;0.381;0.3;1.1;0.308;0.3;0.7;0.5;0.476;0;0.1;0.5;0.3;1;1.3;0.5;0.2;0.1;0.2;1.2;1.7
72;Moses Brown;C;24;POR;14;4;8.3;1.1;2.4;0.471;0;0;0;1.1;2.4;0.471;0.471;0.1;0.5;0.143;1.6;2.4;3.9;0.3;0.1;0.3;0.4;1.1;2.4
73;Troy Brown Jr.;SF;24;TOT;44;3;11.3;1.4;3.3;0.427;0.8;2.3;0.364;0.6;1;0.568;0.552;0.5;0.5;0.875;0.4;1.6;2;1;0.2;0;0.5;0.7;4.1
73;Troy Brown Jr.;SF;24;MIN;37;3;11.1;1.4;3.2;0.441;0.8;2.3;0.369;0.6;0.9;0.618;0.572;0.5;0.6;0.864;0.4;1.6;1.9;0.9;0.2;0.1;0.5;0.7;4.2
73;Troy Brown Jr.;SF;24;DET;7;0;12.1;1.3;3.6;0.36;0.7;2.1;0.333;0.6;1.4;0.4;0.46;0.3;0.3;1;0.3;2;2.3;1;0.1;0;0.4;0.7;3.6
74;Jalen Brunson;PG;27;NYK;61;61;35.2;9.6;20.3;0.475;2.6;6.6;0.4;7;13.7;0.512;0.54;5.3;6.3;0.844;0.6;3;3.6;6.5;0.9;0.2;2.5;1.9;27.2
75;Thomas Bryant;C;26;MIA;29;3;10.6;1.8;3.2;0.57;0;0.3;0;1.8;2.9;0.631;0.57;0.8;0.9;0.815;1;2.1;3.1;0.6;0.2;0.3;0.5;1;4.4
76;Kobe Bufkin;SG;20;ATL;9;0;9.9;1.4;4.1;0.351;0.6;1.9;0.294;0.9;2.2;0.4;0.419;0.2;0.4;0.5;0.2;1.3;1.6;1.7;0.3;0.1;0.6;0.7;3.7
77;Reggie Bullock;SF;32;HOU;28;0;9;0.8;2;0.411;0.6;1.6;0.386;0.2;0.4;0.5;0.563;0;0;1;0.1;1.3;1.4;0.4;0.3;0.1;0.2;0.5;2.3
78;Alec Burks;SG;32;TOT;57;1;19.3;3.4;9.1;0.376;2;5.3;0.378;1.4;3.8;0.374;0.487;2.4;2.7;0.876;0.4;1.9;2.3;1.4;0.4;0.2;0.8;1.3;11.2
78;Alec Burks;SG;32;DET;43;0;21;3.7;9.4;0.394;2.3;5.7;0.401;1.4;3.7;0.384;0.516;2.8;3.1;0.903;0.4;2.2;2.6;1.6;0.5;0.3;0.7;1.5;12.6
78;Alec Burks;SG;32;NYK;14;1;14.2;2.5;8;0.313;1.1;4.1;0.281;1.4;3.9;0.345;0.384;0.9;1.4;0.684;0.4;1.1;1.6;0.7;0.1;0.1;0.8;0.6;7.1
79;Jared Butler;SG;23;WAS;24;0;8.4;1.6;3;0.521;0.4;1.3;0.333;1.2;1.8;0.651;0.589;0.6;0.7;0.824;0.1;0.7;0.8;2;0.4;0.1;0.7;0.9;4.2
80;Jimmy Butler;PF;34;MIA;47;47;34.1;6.9;13.7;0.5;1;2.3;0.422;5.9;11.4;0.516;0.536;6.7;7.9;0.852;1.9;3.5;5.5;4.8;1.4;0.4;1.7;1.2;21.4
81;Jamal Cain;PF;24;MIA;17;1;13.3;1.7;4.1;0.42;0.5;1.5;0.308;1.2;2.5;0.488;0.478;1.1;1.4;0.783;0.8;1.1;1.9;0.2;0.6;0.2;0.3;1;4.9
82;Kentavious Caldwell-Pope;SG;30;DEN;61;61;31.6;3.5;7.8;0.446;1.5;3.9;0.39;2;3.9;0.502;0.543;1.5;1.7;0.921;0.4;1.9;2.3;2.4;1.4;0.5;1;1.9;10
83;Toumani Camara;PF;23;POR;63;42;24.4;2.7;6.1;0.439;0.8;2.4;0.325;1.9;3.7;0.513;0.503;1.1;1.5;0.745;2;3;4.9;1.2;1;0.4;1.2;2.5;7.3
84;Clint Capela;C;29;ATL;58;58;25.4;4.7;8.4;0.563;0;0;0;4.7;8.4;0.563;0.563;1.8;2.8;0.65;4.7;5.8;10.5;1.1;0.5;1.5;0.9;2.4;11.2
85;Jevon Carter;PG;28;CHI;63;0;13.7;1.9;5;0.385;1.1;3.1;0.34;0.9;1.9;0.462;0.492;0.1;0.1;0.571;0.1;0.7;0.8;1.2;0.5;0.2;0.5;1;5
86;Wendell Carter Jr.;C;24;ORL;40;34;26.3;4.3;8;0.538;1.2;3;0.4;3.1;5;0.621;0.613;2;2.8;0.718;2.1;4.9;7;1.7;0.5;0.6;1.3;2.4;11.7
87;D.J. Carton;SG;23;TOR;4;0;9;0.8;2;0.375;0.3;1;0.25;0.5;1;0.5;0.438;1;1.3;0.8;0.5;0.5;1;0.8;0.3;0;0.3;0.8;2.8
88;Alex Caruso;SG;29;CHI;58;45;27.7;3.5;7.5;0.465;1.8;4.6;0.392;1.7;2.9;0.58;0.585;1.1;1.4;0.756;0.9;2.9;3.8;3.1;1.6;1.1;1.3;2.5;9.8
89;Colin Castleton;C;23;LAL;7;0;5.1;1;1.4;0.7;0;0;0;1;1.4;0.7;0.7;0.6;0.6;1;0.6;0.7;1.3;0.4;0;0;0.1;1;2.6
90;Malcolm Cazalon;SG;22;DET;1;0;3;0;0;0;0;0;0;0;0;0;0;0;0;0;0;0;0;0;0;0;0;0;0
91;Julian Champagnie;SF;22;SAS;59;44;17.7;1.9;4.9;0.398;1.3;3.5;0.375;0.6;1.4;0.457;0.533;0.9;1.1;0.823;0.6;2;2.6;1.3;0.6;0.5;0.6;1;6.1
92;Justin Champagnie;SF;22;WAS;4;0;4.8;1.3;2.8;0.455;0.3;1.5;0.167;1;1.3;0.8;0.5;0;0;0;0;0.3;0.3;0.3;0.3;0.5;0.3;0.3;2.8
93;Max Christie;SG;20;LAL;53;7;15.7;1.7;3.8;0.431;0.7;1.9;0.356;1;1.9;0.505;0.52;0.6;0.8;0.786;0.2;2.1;2.3;1;0.3;0.3;0.6;1;4.6
94;Sidy Cissoko;SF;19;SAS;6;0;5.3;0.2;1;0.167;0;0.7;0;0.2;0.3;0.5;0.167;0.7;0.7;1;0;1;1;0;0.5;0;0.2;0.3;1
95;Jordan Clarkson;SG;31;UTA;54;19;30.5;6.2;15;0.417;1.7;5.7;0.296;4.6;9.3;0.49;0.473;3.2;3.6;0.883;0.9;2.5;3.4;5;0.6;0.1;2.6;1.5;17.4
96;Nic Claxton;C;24;BRK;56;56;29.6;5.3;8.4;0.628;0;0.1;0.25;5.3;8.4;0.631;0.629;1.6;2.7;0.593;2.6;7.1;9.8;2.1;0.6;2.1;1.2;2.5;12.2
97;Noah Clowney;PF;19;BRK;9;0;9.1;1.2;2;0.611;0.1;0.4;0.25;1.1;1.6;0.714;0.639;0.7;0.7;1;0.7;1;1.7;0.9;0.2;0.1;0.3;0.7;3.2
98;Amir Coffey;SF;26;LAC;54;10;19;2.2;4.3;0.513;0.9;2.2;0.42;1.3;2.1;0.609;0.62;0.9;1;0.885;0.4;1.5;1.9;1;0.5;0.1;0.4;1.4;6.2
99;John Collins;PF;26;UTA;62;60;28.3;5.7;10.9;0.527;1.2;3.4;0.347;4.5;7.5;0.609;0.581;1.9;2.5;0.779;2.3;6.2;8.5;1.2;0.5;1;1.5;2.8;14.6
100;Zach Collins;C;26;SAS;55;26;22.9;4.4;9.1;0.483;0.9;2.8;0.309;3.5;6.3;0.559;0.53;1.7;2.3;0.74;1.7;3.6;5.3;2.9;0.5;0.7;2;3.1;11.3
101;Mike Conley;PG;36;MIN;61;61;28.9;3.6;8.1;0.445;2.2;5.1;0.43;1.4;3;0.47;0.58;1.2;1.3;0.914;0.5;2.5;3;6.1;1;0.2;1.2;1.6;10.7
102;Pat Connaughton;SF;31;MIL;61;2;21.8;2;4.4;0.457;1.2;3.1;0.378;0.8;1.3;0.646;0.59;0.5;0.7;0.75;0.6;2.6;3.2;1.9;0.5;0.2;0.6;1.2;5.7
103;Bilal Coulibaly;SF;19;WAS;62;14;27.2;3;6.8;0.433;1;2.9;0.346;1.9;3.9;0.498;0.507;1.4;2;0.715;0.9;3.1;4;1.7;0.9;0.8;1.4;2.2;8.3
104;Ricky Council IV;SG;22;PHI;22;0;9.2;1.8;3.9;0.459;0.2;0.9;0.2;1.6;3;0.538;0.482;2;2.7;0.733;0.5;1.2;1.8;0.3;0.1;0;0.2;0.5;5.7
105;Robert Covington;SF-PF;33;TOT;29;6;16.8;1.5;3.4;0.439;0.7;1.9;0.339;0.8;1.4;0.571;0.536;0.8;0.9;0.846;1.1;2.3;3.3;0.8;1.3;0.6;0.4;1.9;4.4
105;Robert Covington;PF;33;LAC;3;3;23;1;3;0.333;0.7;2.7;0.25;0.3;0.3;1;0.444;0.3;0.7;0.5;0.7;2;2.7;2.3;2;0.7;0;2.3;3
105;Robert Covington;SF;33;PHI;26;3;16.1;1.5;3.4;0.449;0.7;1.8;0.354;0.9;1.6;0.561;0.545;0.8;0.9;0.875;1.1;2.3;3.4;0.7;1.3;0.6;0.4;1.9;4.5
106;Torrey Craig;SF;33;CHI;38;9;20.7;2.1;4.9;0.426;1.2;3.1;0.385;0.9;1.9;0.493;0.545;0.6;0.8;0.742;1.6;3;4.5;1.1;0.6;0.4;0.6;2.2;6
107;Jae Crowder;PF;33;MIL;36;20;23.8;2.2;5.3;0.421;1.2;3.3;0.353;1.1;2;0.535;0.532;0.5;0.7;0.692;0.6;2.9;3.4;1.4;0.8;0.2;0.4;1.7;6.1
108;Jalen Crutcher;PG;24;NOP;1;0;3;0;1;0;0;0;0;0;1;0;0;0;0;0;0;0;0;0;0;0;0;0;0
109;Cade Cunningham;PG;22;DET;56;56;33.7;8.3;18.4;0.45;1.9;5.5;0.356;6.3;12.9;0.49;0.503;3.8;4.4;0.865;0.5;3.7;4.3;7.5;0.8;0.4;3.5;2.5;22.3
110;Seth Curry;SG;33;TOT;44;4;14;1.8;4.6;0.392;0.9;2.5;0.352;1;2.2;0.438;0.485;0.6;0.7;0.903;0.4;1.1;1.5;1;0.5;0.1;0.5;0.9;5.1
110;Seth Curry;SG;33;DAL;36;3;12.7;1.5;4;0.372;0.8;2.2;0.363;0.7;1.8;0.385;0.472;0.5;0.5;0.895;0.4;1;1.4;0.8;0.5;0.1;0.4;0.9;4.3
110;Seth Curry;SG;33;CHO;8;1;19.9;3.3;7.4;0.441;1.1;3.5;0.321;2.1;3.9;0.548;0.517;1.4;1.5;0.917;0.4;1.6;2;1.8;0.6;0.4;0.6;0.9;9
111;Stephen Curry;PG;35;GSW;59;59;32.8;8.9;19.7;0.449;4.9;12.1;0.407;3.9;7.6;0.517;0.574;4.3;4.7;0.92;0.5;3.8;4.4;4.9;0.8;0.4;3;1.7;26.9
112;Dyson Daniels;PG;20;NOP;52;15;21.9;2.2;4.9;0.438;0.6;2.1;0.291;1.5;2.8;0.548;0.5;0.6;1;0.64;1;2.7;3.7;2.6;1.4;0.4;1;1.6;5.5
113;Anthony Davis;C;30;LAL;63;63;35.9;9.4;17;0.552;0.3;1.2;0.263;9.1;15.8;0.574;0.561;5.6;6.9;0.813;3.1;9.3;12.4;3.6;1.2;2.4;2;2.4;24.7
114;Johnny Davis;SG;21;WAS;35;0;9.6;0.9;2.7;0.34;0.1;0.6;0.25;0.8;2.1;0.365;0.367;0.2;0.4;0.538;0.4;0.9;1.3;0.4;0.3;0.1;0.2;0.9;2.2
115;JD Davison;SG;21;BOS;5;0;1.8;0.2;0.4;0.5;0.2;0.4;0.5;0;0;0;0.75;0.4;0.4;1;0.2;0.4;0.6;0;0;0;0;0.2;1
116;Dexter Dennis;SG;24;DAL;4;0;7.5;2.5;4.8;0.526;0.3;2;0.125;2.3;2.8;0.818;0.553;0.3;0.8;0.333;0.3;2;2.3;1;0;0.3;0.8;0.3;5.5
117;DeMar DeRozan;SF;34;CHI;65;65;37.7;7.9;16.7;0.474;1;2.9;0.337;6.9;13.7;0.503;0.503;6.6;7.6;0.864;0.6;3.7;4.3;5.3;1;0.6;1.5;2.1;23.3
118;Moussa Diabaté;C;22;LAC;11;0;5.8;0.9;1.7;0.526;0;0;0;0.9;1.7;0.526;0.526;0.8;1.3;0.643;1.4;0.8;2.2;0.4;0.5;0.1;0.2;0.4;2.6
119;Mamadi Diakite;PF;27;SAS;3;0;5.3;1.3;1.7;0.8;0;0;0;1.3;1.7;0.8;0.8;1.3;2;0.667;0.3;0.7;1;0.7;0;0.3;0;0.3;4
120;Hamidou Diallo;SG;25;WAS;2;0;2.5;0.5;1;0.5;0;0;0;0.5;1;0.5;0.5;0;0;0;1;0;1;0.5;1;0;0.5;0.5;1
121;Gradey Dick;SG;20;TOR;46;5;18.2;2.5;6;0.423;1.2;3.5;0.358;1.3;2.5;0.513;0.527;0.6;0.6;0.929;0.5;1.5;2;1.2;0.5;0;0.7;1.4;6.8
122;Ousmane Dieng;PF;20;OKC;30;0;11.3;1.4;3.4;0.417;0.7;2.2;0.303;0.8;1.2;0.622;0.515;0.5;0.5;0.875;0.3;1.3;1.6;1.1;0.2;0.1;0.5;0.6;4
123;Spencer Dinwiddie;PG;30;TOT;61;49;29.2;3.5;9.1;0.385;1.6;5.1;0.318;1.9;4;0.471;0.475;2.2;2.8;0.778;0.4;2.4;2.8;5.3;0.7;0.2;1.2;1.8;10.9
123;Spencer Dinwiddie;PG;30;BRK;48;48;30.7;4.1;10.4;0.391;1.9;5.8;0.32;2.2;4.6;0.48;0.48;2.6;3.3;0.781;0.5;2.8;3.3;6;0.8;0.2;1.3;1.8;12.6
123;Spencer Dinwiddie;PG;30;LAL;13;1;23.8;1.5;4.5;0.339;0.8;2.8;0.306;0.7;1.8;0.391;0.432;0.6;0.8;0.727;0.1;1;1.1;2.9;0.5;0.3;0.9;1.8;4.5
124;Donte DiVincenzo;SG;27;NYK;65;47;26.8;5;11.6;0.437;3.2;8.1;0.399;1.8;3.5;0.524;0.576;1;1.3;0.75;0.8;2.7;3.5;2.6;1.3;0.4;1.4;2;14.3
125;Luka Don?i?;PG;24;DAL;58;58;37.4;11.7;23.7;0.494;3.9;10.3;0.378;7.8;13.3;0.583;0.576;7;8.9;0.788;0.8;8.2;9;9.8;1.4;0.6;4;2.1;34.3
126;Luguentz Dort;SF;24;OKC;64;64;28.5;3.7;8.3;0.446;2;5;0.413;1.7;3.3;0.495;0.57;1.4;1.7;0.826;1;2.7;3.7;1.3;0.9;0.7;0.8;3;10.9
127;Ayo Dosunmu;SG;24;CHI;65;26;27.8;4.2;8.7;0.482;1.5;3.8;0.389;2.8;5;0.552;0.566;1;1.2;0.79;0.7;2.1;2.8;2.9;0.8;0.5;1.3;2.1;10.9
128;Jeff Dowtin;PG;26;PHI;4;0;14.3;1.5;2.8;0.545;1;2;0.5;0.5;0.8;0.667;0.727;0;0;0;0;1;1;2;0.8;0.3;0.8;0;4
129;Henri Drell;SF;23;CHI;1;0;3;1;2;0.5;0;1;0;1;1;1;0.5;0;0;0;1;0;1;2;0;0;0;0;2
130;Andre Drummond;C;30;CHI;67;10;17;3.3;6.1;0.552;0;0;0;3.3;6;0.556;0.552;1.5;2.6;0.565;3.3;5.4;8.7;0.5;0.9;0.6;1.1;1.8;8.2
131;Chris Duarte;SF;26;SAC;45;11;13.1;1.4;3.6;0.393;0.8;2.1;0.368;0.6;1.5;0.426;0.5;0.5;0.6;0.759;0.4;1.5;2;0.8;0.5;0.1;0.4;1.5;4.1
132;Kris Dunn;PG;29;UTA;57;28;18.5;2.2;4.6;0.481;0.6;1.6;0.398;1.6;3;0.527;0.552;0.3;0.4;0.68;0.7;2.1;2.8;3.9;1.1;0.4;1.2;1.9;5.4
133;Kevin Durant;PF;35;PHO;60;60;37.2;10.2;19.5;0.526;2.2;5.3;0.42;8;14.2;0.565;0.583;5.4;6.3;0.853;0.5;6.1;6.7;5.4;0.9;1.2;3.3;1.8;28.1
134;Jalen Duren;C;20;DET;51;50;29.9;5.9;9.3;0.637;0;0.1;0;5.9;9.3;0.641;0.637;2.2;2.8;0.771;3.4;8.7;12;2.6;0.5;0.8;2.1;3.3;14.1
135;Tari Eason;PF;22;HOU;22;0;21.8;4;8.6;0.466;0.8;2.3;0.36;3.2;6.3;0.504;0.513;1;1.5;0.636;2.1;4.9;7;1.2;1.4;0.9;0.9;2.3;9.8
136;Anthony Edwards;SG;22;MIN;63;62;35.1;9.3;20;0.463;2.5;6.7;0.367;6.8;13.3;0.511;0.525;5.5;6.5;0.837;0.6;4.7;5.3;5;1.3;0.6;3.1;1.9;26.4
137;Kessler Edwards;SF;23;SAC;41;0;4.7;0.5;1.3;0.407;0.3;0.8;0.364;0.2;0.5;0.476;0.519;0.1;0.1;0.667;0.1;0.6;0.7;0.2;0.1;0.1;0;0.4;1.5
138;Keon Ellis;SG;24;SAC;40;6;12.8;1.3;3;0.449;0.9;2.3;0.389;0.5;0.7;0.643;0.597;0.3;0.5;0.632;0.4;1.1;1.5;1.3;0.7;0.4;0.5;1.5;3.8
139;Joel Embiid;C;29;PHI;34;34;34;11.8;22.2;0.533;1.2;3.3;0.366;10.6;18.9;0.562;0.56;10.5;11.9;0.883;2.6;8.7;11.3;5.7;1.1;1.8;3.7;2.9;35.3
140;Drew Eubanks;C;26;PHO;61;4;15.7;2.1;3.4;0.624;0;0;1;2.1;3.4;0.618;0.631;1;1.3;0.763;1.4;2.9;4.3;0.8;0.4;0.8;0.9;1.5;5.3
141;Tosan Evbuomwan;SF;22;TOT;7;0;13;1;2.6;0.389;0.4;1.3;0.333;0.6;1.3;0.444;0.472;0;0;0;1.1;1.1;2.3;0.9;0.1;0.1;0.1;0.9;2.4
141;Tosan Evbuomwan;SF;22;MEM;4;0;18.5;1;3.8;0.267;0.5;2;0.25;0.5;1.8;0.286;0.333;0;0;0;2;1.5;3.5;1.5;0;0.3;0.3;1.3;2.5
141;Tosan Evbuomwan;SF;22;DET;3;0;5.7;1;1;1;0.3;0.3;1;0.7;0.7;1;1.167;0;0;0;0;0.7;0.7;0;0.3;0;0;0.3;2.3
142;Dante Exum;PG;28;DAL;41;15;19.2;3.1;5.7;0.551;0.9;1.8;0.48;2.3;3.9;0.585;0.628;1.1;1.5;0.758;0.5;2.1;2.6;2.9;0.5;0.1;0.9;1.6;8.3
143;Bruno Fernando;C;25;ATL;29;1;12.9;1.9;3.4;0.561;0;0.1;0;1.9;3.3;0.579;0.561;0.9;1.5;0.614;1.2;2.8;4.1;0.7;0.6;0.7;0.8;1.9;4.7
144;Dorian Finney-Smith;PF;30;BRK;57;46;28.4;3.3;7.8;0.42;1.9;5.2;0.366;1.4;2.5;0.531;0.543;0.5;0.6;0.722;1.7;3;4.7;1.6;0.8;0.6;0.9;2.3;8.9
145;Adam Flagler;SG;24;OKC;1;0;6;0;3;0;0;3;0;0;0;0;0;0;0;0;0;0;0;1;0;0;0;0;0
146;Malachi Flynn;PG;25;TOT;55;0;11.1;1.4;3.5;0.399;0.7;1.9;0.34;0.7;1.6;0.471;0.492;0.5;0.7;0.757;0.2;1.2;1.5;1.6;0.4;0.1;0.8;0.9;4
146;Malachi Flynn;PG;25;TOR;31;0;15.3;1.8;4.4;0.409;0.9;2.6;0.35;0.9;1.8;0.491;0.511;0.5;0.7;0.773;0.4;1.7;2.1;2.4;0.6;0.2;1.1;1.4;5.1
146;Malachi Flynn;PG;25;NYK;14;0;4.3;0.6;1.6;0.391;0.3;0.9;0.308;0.4;0.7;0.5;0.478;0.6;0.8;0.818;0;0.4;0.4;0.4;0.1;0;0.2;0.2;2.2
146;Malachi Flynn;PG;25;DET;10;0;7.5;1.2;3.3;0.364;0.4;1.3;0.308;0.8;2;0.4;0.424;0.2;0.4;0.5;0;0.9;0.9;1;0.3;0;0.6;0.6;3
147;Simone Fontecchio;SF;28;TOT;65;42;24.8;3.8;8.2;0.461;2;5;0.404;1.8;3.2;0.55;0.584;0.8;1;0.815;1;2.7;3.7;1.5;0.7;0.3;1;1.6;10.4
147;Simone Fontecchio;SF;28;UTA;50;34;23.2;3.2;7.2;0.45;1.8;4.7;0.391;1.4;2.5;0.56;0.577;0.6;0.8;0.8;1;2.5;3.5;1.5;0.6;0.4;1;1.6;8.9
147;Simone Fontecchio;SF;28;DET;15;8;29.9;5.7;11.9;0.483;2.7;6.3;0.436;3;5.6;0.536;0.598;1.4;1.7;0.84;0.7;3.5;4.1;1.7;0.9;0.2;1.1;1.7;15.6
148;Jordan Ford;PG;25;SAC;6;0;3.7;0.7;1.2;0.571;0.3;0.5;0.667;0.3;0.7;0.5;0.714;0.3;0.3;1;0;0.3;0.3;0.3;0;0;0.2;0;2
149;Trent Forrest;SG;25;ATL;28;0;10.3;0.8;2.2;0.371;0.1;0.3;0.286;0.8;2;0.382;0.387;0.4;0.5;0.786;0.2;1;1.2;2;0.3;0.1;0.4;0.8;2.1
150;Evan Fournier;SG;31;TOT;17;0;15.4;2.2;6.1;0.365;1.1;4;0.279;1.1;2.1;0.528;0.457;0.9;1.1;0.889;0.2;1.6;1.8;1.3;0.9;0.1;0.6;1.5;6.5
150;Evan Fournier;SG;31;NYK;3;0;13;1.3;6.7;0.2;0.7;5;0.133;0.7;1.7;0.4;0.25;0.7;0.7;1;0;1.3;1.3;1;1.3;0;0.3;1.3;4
150;Evan Fournier;SG;31;DET;14;0;15.9;2.4;6;0.405;1.2;3.8;0.321;1.2;2.2;0.548;0.506;1;1.1;0.875;0.2;1.7;1.9;1.4;0.9;0.1;0.6;1.5;7.1
151;De'Aaron Fox;PG;26;SAC;57;57;35.6;9.9;21;0.474;2.7;7.5;0.364;7.2;13.4;0.535;0.539;4.4;6.1;0.72;0.9;3.4;4.3;5.6;1.9;0.4;2.6;2.6;27
152;Javon Freeman-Liberty;PG;24;TOR;7;0;10.1;1.1;2.7;0.421;0.3;1.1;0.25;0.9;1.6;0.545;0.474;1.1;1.3;0.889;0.3;1.4;1.7;1;0;0.3;0.4;0.7;3.7
153;Alex Fudge;SF;20;LAL;4;0;3.5;0.3;1.5;0.167;0;0.5;0;0.3;1;0.25;0.167;0.5;0.5;1;0.5;0;0.5;0;0;0;0.3;0.3;1
154;Markelle Fultz;PG;25;ORL;29;15;22;3.8;7.9;0.482;0;0.3;0.1;3.8;7.5;0.5;0.485;0.6;0.9;0.63;1.3;2.1;3.4;3;1.1;0.3;1.2;1.4;8.2
155;Andrew Funk;SG;24;CHI;1;0;1;0;0;0;0;0;0;0;0;0;0;0;0;0;0;0;0;0;0;0;0;0;0
156;Wenyen Gabriel;PF;26;MEM;4;0;16.8;1.8;4.5;0.389;0.3;1.3;0.2;1.5;3.3;0.462;0.417;0;1.3;0;1.5;3.8;5.3;0.8;0.5;0.5;2;2;3.8
157;Daniel Gafford;C-PF;25;TOT;60;52;24.8;4.6;6.5;0.711;0;0;0;4.6;6.5;0.711;0.711;1.8;2.6;0.701;2.8;5.1;7.9;1.4;0.9;2.1;1;3.1;11
157;Daniel Gafford;C;25;WAS;45;45;26.5;4.5;6.5;0.69;0;0;0;4.5;6.5;0.69;0.69;1.9;2.6;0.706;2.9;5.1;8;1.5;1;2.2;1;3.3;10.9
157;Daniel Gafford;PF;25;DAL;15;7;19.5;4.8;6.2;0.774;0;0;0;4.8;6.2;0.774;0.774;1.6;2.3;0.686;2.6;4.9;7.5;0.8;0.7;1.9;0.9;2.7;11.2
158;Danilo Gallinari;PF-SF;35;TOT;43;0;13.2;1.8;4.1;0.434;0.7;2;0.322;1.1;2;0.545;0.514;1.8;2.1;0.856;0.4;1.9;2.3;1.2;0.2;0.1;0.4;1;6
158;Danilo Gallinari;PF;35;WAS;26;0;14.8;2.2;5;0.435;0.8;2.5;0.313;1.4;2.6;0.552;0.511;1.8;2.2;0.839;0.5;2.5;2.9;1.2;0.2;0.1;0.5;1;7
158;Danilo Gallinari;SF;35;DET;6;0;15;2;3.7;0.545;1.2;2;0.583;0.8;1.7;0.5;0.705;3.5;4;0.875;0.3;2;2.3;2;0.3;0.3;0.2;1.5;8.7
158;Danilo Gallinari;SF;35;MIL;11;0;8.5;0.6;2;0.318;0.1;1;0.091;0.5;1;0.545;0.341;0.8;0.9;0.9;0.4;0.5;0.8;0.7;0.2;0;0.4;0.8;2.2
159;Darius Garland;PG;24;CLE;42;42;33.2;6.8;14.8;0.461;2.4;6.2;0.39;4.4;8.6;0.511;0.542;3;3.5;0.845;0.5;2;2.4;6.3;1.3;0.1;3.2;1.7;19
160;Usman Garuba;PF;21;GSW;3;0;2.7;0;0.3;0;0;0;0;0;0.3;0;0;0;0;0;0.3;0;0.3;0.3;0.3;0;0;0.7;0
161;Luka Garza;C;25;MIN;15;0;3.3;0.9;2;0.433;0.3;0.8;0.333;0.6;1.2;0.5;0.5;0.8;1.1;0.75;0.5;0.4;0.9;0.2;0;0;0.2;0.9;2.8
162;Kaiser Gates;SF;27;NOP;1;0;7;0;4;0;0;2;0;0;2;0;0;0;0;0;0;1;1;0;0;0;0;0;0
163;Keyonte George;PG;20;UTA;59;28;25.9;4.2;10.3;0.403;2;5.7;0.359;2.1;4.6;0.456;0.502;2.4;2.9;0.828;0.2;2.6;2.8;4.5;0.5;0.1;2.1;1.2;12.7
164;Paul George;PF;33;LAC;60;60;34.2;7.8;16.9;0.463;3.3;8.2;0.401;4.5;8.7;0.522;0.561;3.4;3.8;0.889;0.5;4.8;5.3;3.7;1.5;0.5;2.1;2.8;22.3
165;Taj Gibson;PF;38;NYK;16;1;10.3;0.4;1.4;0.304;0;0.4;0;0.4;1.1;0.412;0.304;0.1;0.1;1;0.6;1.1;1.8;0.6;0.1;0.4;0.3;1.8;1
166;Josh Giddey;SG;21;OKC;65;65;24.6;4.7;10.3;0.46;1;3;0.328;3.8;7.4;0.513;0.507;1.1;1.3;0.828;1.4;4.7;6.1;4.4;0.7;0.5;2;1.3;11.6
167;Harry Giles;C;25;TOT;20;0;4.4;1.1;2.3;0.478;0.2;0.6;0.25;1;1.7;0.559;0.511;0.4;0.7;0.538;0.6;0.8;1.4;0.3;0.1;0.2;0.3;0.8;2.7
167;Harry Giles;C;25;BRK;16;0;5.1;1.4;2.8;0.5;0.2;0.7;0.273;1.2;2.1;0.576;0.534;0.4;0.8;0.538;0.8;0.9;1.6;0.4;0.1;0.2;0.4;0.9;3.4
167;Harry Giles;C;25;LAL;4;0;1.8;0;0.5;0;0;0.3;0;0;0.3;0;0;0;0;0;0;0.3;0.3;0;0;0;0;0;0
168;Shai Gilgeous-Alexander;PG;25;OKC;65;65;34.4;11;20.2;0.544;1.3;3.5;0.376;9.6;16.6;0.58;0.577;7.8;8.9;0.879;0.9;4.8;5.6;6.4;2.1;0.9;2.2;2.5;31.1
169;Anthony Gill;PF;31;WAS;36;0;5.1;0.7;1.5;0.472;0.1;0.4;0.231;0.6;1.1;0.55;0.5;0.4;0.6;0.75;0.4;0.7;1.1;0.4;0.2;0.2;0.4;0.3;1.9
170;Collin Gillespie;PG;24;DEN;19;0;8.5;1.2;2.4;0.511;0.6;1.3;0.458;0.6;1.1;0.571;0.633;0.3;0.4;0.625;0.1;0.6;0.6;0.8;0.5;0;0.5;0.9;3.3
171;Jacob Gilyard;PG;25;MEM;37;14;17.7;1.6;3.9;0.417;1.4;3.2;0.425;0.2;0.6;0.375;0.594;0.1;0.1;1;0.2;0.9;1.2;3.5;0.7;0.1;0.8;0.9;4.7
172;Rudy Gobert;C;31;MIN;63;63;33.9;5.2;8.1;0.648;0;0;0;5.2;8;0.651;0.648;3.2;5;0.649;3.7;9.2;12.9;1.2;0.6;2.1;1.5;3.1;13.7
173;Jordan Goodwin;PG;25;TOT;48;6;16.3;2.1;5.6;0.373;0.6;2.3;0.287;1.5;3.4;0.429;0.43;0.6;0.9;0.732;1.1;2.2;3.3;2.4;0.8;0.4;0.9;1.2;5.5
173;Jordan Goodwin;PG;25;PHO;40;0;14;1.9;4.8;0.389;0.6;2;0.288;1.3;2.8;0.46;0.448;0.6;0.7;0.862;1;1.9;2.9;2;0.6;0.2;0.7;1.1;5
173;Jordan Goodwin;PG;25;MEM;8;6;28;3.3;9.8;0.333;1;3.5;0.286;2.3;6.3;0.36;0.385;0.6;1.5;0.417;1.6;3.5;5.1;4.5;1.6;1.1;1.8;1.9;8.1
174;Aaron Gordon;PF;28;DEN;61;61;31.3;5.5;9.8;0.56;0.5;1.9;0.289;5;7.9;0.624;0.588;2.3;3.5;0.647;2.3;4.1;6.4;3.3;0.8;0.6;1.4;1.9;13.8
175;Eric Gordon;SG;35;PHO;54;24;29.4;4.4;9.8;0.448;2.4;6.2;0.383;2;3.6;0.563;0.57;0.9;1.1;0.793;0.3;1.7;2;2.2;0.9;0.5;1.2;1.2;12
176;Devonte' Graham;PG;28;SAS;14;0;8.2;1;2.5;0.4;0.6;1.8;0.36;0.4;0.7;0.5;0.529;0.4;0.6;0.75;0.1;1.1;1.3;1.4;0.3;0.1;0.2;0.4;3.1
177;Jerami Grant;PF;29;POR;54;54;33.9;7.1;15.7;0.451;2.1;5.1;0.402;5;10.6;0.474;0.516;4.7;5.8;0.817;0.7;2.9;3.5;2.8;0.8;0.6;2.1;2.2;21
178;A.J. Green;SG;24;MIL;44;0;10.1;1.5;3.5;0.426;1.2;3;0.406;0.3;0.5;0.545;0.6;0.3;0.3;0.929;0.1;1;1.2;0.6;0.1;0;0.2;0.9;4.5
179;Danny Green;SG;36;PHI;2;0;9;0;1;0;0;0.5;0;0;0.5;0;0;0;0;0;0;1;1;0.5;0.5;0;0;0.5;0
180;Draymond Green;PF;33;GSW;40;37;26.5;3.4;6.9;0.495;1;2.4;0.423;2.4;4.5;0.533;0.569;1.2;1.5;0.754;1.3;5.7;7;5.9;0.8;0.9;2.5;3.1;9
181;Jalen Green;SG;21;HOU;66;66;31;6.5;15.7;0.416;2.2;6.8;0.319;4.3;8.8;0.492;0.486;3.4;4.2;0.809;0.4;4.4;4.8;3.3;0.7;0.3;2.2;1.3;18.6
182;Jeff Green;PF;37;HOU;62;5;16.2;1.9;4.2;0.457;0.5;1.5;0.312;1.4;2.7;0.539;0.514;1.6;2;0.808;0.6;1.5;2.1;0.9;0.2;0.4;0.7;1.3;5.9
183;Josh Green;SG;23;DAL;54;32;26.6;3.2;6.6;0.493;1.3;3.3;0.401;1.9;3.3;0.584;0.593;0.7;1;0.673;0.7;2.5;3.2;2.3;0.8;0.2;1.1;1.9;8.5
184;AJ Griffin;SF;20;ATL;18;0;7.3;0.7;2.5;0.289;0.5;1.8;0.273;0.2;0.7;0.333;0.389;0.1;0.1;1;0.1;0.7;0.8;0.2;0.1;0.1;0.3;0.3;2.1
185;Quentin Grimes;SG;23;TOT;51;18;20.1;2.4;6.4;0.372;1.6;4.7;0.338;0.8;1.7;0.466;0.495;0.7;0.9;0.756;0.3;1.7;2;1.3;0.7;0.1;0.5;1.5;7
185;Quentin Grimes;SG;23;NYK;45;18;20.2;2.5;6.4;0.395;1.7;4.7;0.363;0.8;1.6;0.486;0.53;0.5;0.8;0.706;0.3;1.6;2;1.2;0.7;0.1;0.5;1.5;7.3
185;Quentin Grimes;SG;23;DET;6;0;19.2;1.5;7;0.214;0.7;4.7;0.143;0.8;2.3;0.357;0.262;1.7;1.8;0.909;0.2;1.8;2;2.3;0.8;0.7;1.2;1.5;5.3
186;Mouhamadou Gueye;PF;25;TOR;2;0;5;0.5;2;0.25;0;0;0;0.5;2;0.25;0.25;0;0;0;1.5;1;2.5;0;0;1.5;0;1;1
187;Mouhamed Gueye;PF;21;ATL;2;0;2;0;0.5;0;0;0.5;0;0;0;0;0;0;0;0;0;0;0;0;0.5;0;0;0.5;0
188;Rui Hachimura;PF;25;LAL;53;24;25.7;5;9.5;0.524;1.4;3.3;0.416;3.6;6.2;0.58;0.595;1.4;1.9;0.713;0.8;2.9;3.7;1.1;0.7;0.3;0.7;1.4;12.7
189;Ashton Hagans;PG;24;POR;13;1;16.5;1.5;3.6;0.426;0.4;1.1;0.357;1.2;2.5;0.455;0.479;0.6;0.8;0.727;0.6;1.8;2.4;2.7;0.5;0.5;1.6;2.2;4.1
190;Tyrese Haliburton;PG;23;IND;54;53;32.3;7.5;15.5;0.482;2.9;7.7;0.37;4.6;7.8;0.593;0.574;2.9;3.4;0.857;0.6;3.3;3.9;11.4;1;0.7;2.4;1;20.7
191;R.J. Hampton;PG;22;MIA;8;2;9.5;0.5;1.8;0.286;0.1;1;0.125;0.4;0.8;0.5;0.321;0.1;0.3;0.5;0.3;0.5;0.8;1;0;0;0.4;1;1.3
192;Tim Hardaway Jr.;SF;31;DAL;64;10;28.1;5.5;13.3;0.409;2.9;8.1;0.361;2.5;5.2;0.483;0.519;2.1;2.4;0.859;0.3;3.1;3.4;1.7;0.5;0.1;0.9;1.4;15.9
193;James Harden;PG;34;LAC;59;59;34.6;5.1;11.6;0.442;2.8;6.8;0.403;2.4;4.7;0.498;0.561;4.4;5;0.882;0.5;4.6;5.1;8.3;1.1;0.9;2.6;1.9;17.4
194;Jaden Hardy;SG;21;DAL;59;6;14.1;2.8;6.9;0.408;1.2;3.3;0.364;1.6;3.6;0.449;0.495;0.8;1.1;0.758;0.3;1.5;1.8;1.6;0.3;0.1;0.8;1;7.7
195;Ron Harper Jr.;PF;23;TOR;1;0;4;0;0;0;0;0;0;0;0;0;0;0;0;0;0;0;0;1;0;0;0;2;0
196;Gary Harris;SG;29;ORL;43;16;23.3;2.5;5.6;0.456;1.4;3.8;0.383;1.1;1.8;0.61;0.586;0.7;1;0.756;0.4;1.2;1.6;1.7;0.9;0.3;0.5;1.7;7.2
197;Joe Harris;SG;32;DET;16;0;10.6;0.9;2.4;0.359;0.6;1.9;0.333;0.3;0.6;0.444;0.487;0.1;0.1;0.5;0.2;0.6;0.8;0.6;0.2;0.1;0.3;1.2;2.4
198;Kevon Harris;SG;26;ORL;2;0;3;1;1.5;0.667;0;0;0;1;1.5;0.667;0.667;0;0;0;0;1;1;0.5;0;0;0.5;1.5;2
199;Tobias Harris;PF;31;PHI;60;60;33.8;6.6;13.5;0.49;1.2;3.6;0.338;5.4;9.9;0.545;0.535;2.7;3.1;0.882;1.1;5.1;6.2;3.2;1.1;0.6;1.3;1.6;17.1
200;Shaquille Harrison;SG;30;MEM;3;0;2;0.3;0.7;0.5;0;0;0;0.3;0.7;0.5;0.5;0;0;0;0;0.7;0.7;0;0;0.3;0;0;0.7
201;Josh Hart;SF;28;NYK;65;26;32;3.5;8.2;0.428;1.1;3.4;0.321;2.4;4.8;0.505;0.495;1;1.3;0.765;1.5;6.5;8;3.6;0.9;0.3;1.4;2;9.1
202;Isaiah Hartenstein;C;25;NYK;60;34;24.9;2.7;4.5;0.612;0;0.1;0.333;2.7;4.4;0.615;0.614;1.4;1.9;0.726;3.3;5.1;8.3;2.2;1;1.1;1.1;2.8;6.9
203;Sam Hauser;SF;26;BOS;65;7;21.1;2.8;6.2;0.449;2.2;5.4;0.42;0.6;0.9;0.632;0.63;0.2;0.3;0.882;0.6;2.8;3.3;0.9;0.4;0.3;0.4;1.3;8.1
204;Jordan Hawkins;SG;21;NOP;56;10;19.3;3;7.7;0.389;1.9;5;0.369;1.1;2.7;0.427;0.509;1.2;1.4;0.844;0.5;2;2.5;1.2;0.3;0.1;0.7;1.2;9
205;Jaxson Hayes;C;23;LAL;56;3;11.4;1.6;2.3;0.703;0;0.1;0;1.6;2.1;0.75;0.703;0.6;1;0.621;0.9;1.7;2.6;0.4;0.5;0.4;0.5;1.7;3.9
206;Killian Hayes;PG;22;DET;42;31;24;2.8;6.7;0.413;0.5;1.8;0.297;2.3;5;0.455;0.452;0.8;1.2;0.66;0.3;2.6;2.8;4.9;0.9;0.5;1.2;1.8;6.9
207;Gordon Hayward;SF;33;TOT;37;26;27.2;4.2;9.2;0.457;0.7;1.9;0.377;3.5;7.4;0.478;0.496;2;2.6;0.763;0.9;3.2;4.1;3.8;0.9;0.3;1.5;1.6;11.1
207;Gordon Hayward;SF;33;CHO;25;25;31.9;5.6;11.9;0.468;0.9;2.4;0.361;4.7;9.4;0.496;0.505;2.5;3.2;0.765;1;3.7;4.7;4.6;1.1;0.5;2;1.8;14.5
207;Gordon Hayward;SF;33;OKC;12;1;17.3;1.4;3.7;0.386;0.3;0.7;0.5;1.1;3;0.361;0.432;1;1.3;0.75;0.7;2.3;2.9;1.9;0.4;0;0.5;1;4.2
208;Scoot Henderson;PG;19;POR;47;18;26.9;4.4;11.7;0.372;1.2;3.9;0.297;3.2;7.8;0.41;0.422;2.7;3.3;0.821;0.9;2.2;3;4.8;0.6;0.2;2.9;3.1;12.6
209;Taylor Hendricks;PF;20;UTA;24;7;17.5;2.2;5.1;0.423;1;3;0.324;1.2;2.2;0.558;0.516;0.4;0.5;0.769;1.2;3;4.2;0.5;0.6;0.7;0.7;1.9;5.7
210;Tyler Herro;SG;24;MIA;36;36;33.6;7.9;18;0.437;3.3;8.1;0.399;4.6;9.9;0.468;0.527;1.8;2.2;0.835;0.5;4.8;5.3;4.4;0.8;0.1;2.1;1.4;20.8
211;Buddy Hield;SF-SG;31;TOT;68;41;26.9;4.6;10.5;0.439;2.8;7.1;0.392;1.8;3.4;0.537;0.571;0.6;0.6;0.864;0.6;2.6;3.3;3.1;0.9;0.5;1.3;2.1;12.5
211;Buddy Hield;SF;31;IND;52;28;25.7;4.4;9.9;0.443;2.6;6.9;0.384;1.8;3.1;0.575;0.575;0.5;0.6;0.848;0.7;2.6;3.2;2.7;0.8;0.6;1.2;2;12
211;Buddy Hield;SG;31;PHI;16;13;30.8;5.2;12.1;0.428;3.2;7.7;0.415;2;4.4;0.451;0.559;0.6;0.7;0.909;0.6;2.8;3.4;4.6;1.1;0.4;1.6;2.6;14.2
212;Haywood Highsmith;PF;27;MIA;50;24;19.2;2;4.5;0.432;1;2.7;0.368;1;1.8;0.527;0.542;0.4;0.5;0.808;0.8;1.8;2.6;0.9;0.8;0.5;0.5;1.8;5.3
213;Nate Hinton;SG;24;HOU;11;0;5.3;0.9;1.8;0.5;0.6;1;0.636;0.3;0.8;0.333;0.675;0.4;0.5;0.8;0.3;0.8;1.1;0.5;0.2;0.2;0.2;0.9;2.8
214;D'Moi Hodge;SG;25;LAL;7;0;5.9;0.7;2.1;0.333;0.4;1.7;0.25;0.3;0.4;0.667;0.433;0.1;0.3;0.5;0;0;0;0.7;0.1;0.1;0.1;0.6;2
215;Aaron Holiday;PG;27;HOU;63;1;16.3;2.4;5.3;0.446;1.1;2.8;0.398;1.3;2.5;0.5;0.551;0.7;0.7;0.894;0.3;1.4;1.6;1.7;0.5;0.1;0.7;1.5;6.5
216;Jrue Holiday;PG;33;BOS;60;60;33.3;4.9;10.1;0.486;2.1;4.7;0.444;2.8;5.4;0.521;0.588;1;1.2;0.833;1.3;4.2;5.5;5;0.9;0.8;1.8;1.6;12.9
217;Justin Holiday;SG;34;DEN;43;9;14.6;1.5;3.2;0.464;0.9;2.3;0.402;0.6;1;0.61;0.605;0.1;0.1;0.75;0.1;1.1;1.2;1.2;0.6;0.1;0.2;1.2;4
218;Richaun Holmes;C-PF;30;TOT;33;3;11.6;1.7;3;0.576;0;0;1;1.7;3;0.571;0.581;0.7;1;0.688;1.4;2.1;3.5;0.6;0.2;0.4;0.5;1.6;4.2
218;Richaun Holmes;C;30;DAL;23;2;10.3;1.4;2.6;0.559;0;0;0;1.4;2.6;0.559;0.559;0.5;0.9;0.571;1.4;2;3.4;0.7;0.1;0.4;0.5;1.4;3.4
218;Richaun Holmes;PF;30;WAS;10;1;14.6;2.4;4;0.6;0.1;0.1;1;2.3;3.9;0.59;0.613;1;1.1;0.909;1.4;2.5;3.9;0.4;0.5;0.4;0.4;1.9;5.9
219;Chet Holmgren;C;21;OKC;66;66;30.2;6.3;11.8;0.536;1.7;4.3;0.391;4.6;7.5;0.62;0.608;2.5;3.1;0.787;1.6;6.2;7.8;2.7;0.6;2.5;1.6;2.4;16.8
220;Jalen Hood-Schifino;SG;20;LAL;21;0;5.2;0.5;2.1;0.222;0.1;0.7;0.133;0.4;1.4;0.267;0.244;0.6;1;0.6;0.1;0.5;0.6;0.4;0.1;0.1;0.4;0.6;1.6
221;Al Horford;C;37;BOS;55;26;26.8;3.1;6.3;0.494;1.6;3.9;0.409;1.5;2.3;0.636;0.622;0.4;0.4;0.875;1.3;5.3;6.5;2.7;0.6;1;0.7;1.5;8.2
222;Talen Horton-Tucker;PG;23;UTA;43;11;19.6;3.5;8.8;0.395;1.1;3.4;0.331;2.3;5.4;0.435;0.459;1.7;2.1;0.804;0.5;2;2.4;3.7;0.9;0.4;1.3;1.8;9.8
223;Danuel House Jr.;SF;30;PHI;34;4;15;1.4;3.1;0.448;0.4;1.5;0.3;0.9;1.6;0.582;0.519;1;1.4;0.761;0.5;1.2;1.7;0.8;0.4;0.1;0.6;1.3;4.2
224;Caleb Houstan;SF;21;ORL;50;10;14;1.4;3.5;0.389;1.2;3.3;0.374;0.1;0.2;0.583;0.563;0.4;0.5;0.792;0.5;1;1.5;0.5;0.2;0.1;0.3;1.1;4.3
225;Jett Howard;SF;20;ORL;13;0;3.8;0.6;1.7;0.364;0.4;1.3;0.294;0.2;0.4;0.6;0.477;0.2;0.3;0.5;0.1;0.3;0.4;0.2;0;0.1;0.2;0.2;1.8
226;Kevin Huerter;SG;25;SAC;62;57;24.9;4;9;0.445;2;5.5;0.363;2;3.5;0.573;0.556;0.6;0.8;0.766;0.6;3;3.6;2.6;0.7;0.4;0.8;2.2;10.6
227;Jay Huff;C;25;DEN;14;0;2.6;0.5;0.9;0.583;0.2;0.6;0.375;0.3;0.3;1;0.708;0.1;0.1;1;0.1;0.6;0.7;0.1;0.1;0;0.1;0.5;1.4
228;De'Andre Hunter;SF;26;ATL;42;24;28.5;5.2;11;0.476;2;4.9;0.422;3.2;6.1;0.519;0.569;3;3.4;0.861;0.5;3.1;3.7;1.3;0.8;0.3;1.4;2.6;15.5
229;Matthew Hurt;PF;23;MEM;8;0;14.1;1.5;4.3;0.353;0.6;2.5;0.25;0.9;1.8;0.5;0.426;0.4;0.4;1;1.1;0.9;2;0.5;0.4;0.4;0.3;1;4
230;Bones Hyland;PG;23;LAC;28;4;14.7;2.5;6.5;0.381;1.2;3.5;0.34;1.3;3;0.429;0.472;0.4;0.6;0.75;0.1;1;1.1;2.4;0.7;0.1;1.1;1.4;6.5
231;Joe Ingles;SF;36;ORL;53;0;17.3;1.5;3.6;0.426;1.1;2.5;0.424;0.5;1.1;0.431;0.574;0.4;0.5;0.84;0.3;1.8;2.1;3;0.6;0.1;0.9;1.4;4.5
232;Brandon Ingram;SF;26;NOP;60;60;33.2;7.9;16.1;0.491;1.4;3.8;0.364;6.5;12.3;0.531;0.534;4.1;5.1;0.802;0.7;4.4;5.1;5.9;0.8;0.6;2.6;2.3;21.2
233;Kyrie Irving;SG;31;DAL;45;45;34.2;9.6;19.5;0.493;3;7.1;0.417;6.7;12.4;0.536;0.568;3.2;3.6;0.906;0.7;4.3;5;5.2;1.2;0.5;1.7;1.8;25.4
234;Jonathan Isaac;PF;26;ORL;46;1;15.1;2.4;4.8;0.5;0.7;1.8;0.361;1.8;3;0.583;0.568;1;1.5;0.716;1.2;3.1;4.3;0.4;0.7;1.2;0.5;1;6.5
235;Jaden Ivey;SG;21;DET;62;46;28.6;5.3;12.2;0.434;1.5;4.6;0.329;3.8;7.6;0.498;0.496;3.2;4.2;0.761;1.2;2.3;3.5;3.8;0.8;0.6;2.5;2.8;15.3
236;Andre Jackson Jr.;SG;22;MIL;49;8;10.4;1;1.8;0.528;0.3;0.8;0.375;0.7;1;0.653;0.612;0.2;0.2;0.727;0.8;1.2;2;0.9;0.3;0.1;0.5;1.7;2.4
237;GG Jackson II;PF;19;MEM;33;3;21.9;4.2;9.8;0.43;1.8;4.9;0.362;2.4;4.8;0.5;0.522;2.1;2.9;0.729;1.1;2.5;3.6;0.8;0.4;0.6;1.2;1.2;12.3
238;Isaiah Jackson;C;22;IND;48;3;13.5;2.8;4.2;0.663;0;0.1;0;2.8;4.1;0.677;0.663;1.4;1.9;0.717;1.5;2.5;4.1;0.8;0.6;1.1;0.7;2.5;7
239;Jaren Jackson Jr.;C;24;MEM;57;57;32;7.7;17.4;0.444;1.8;5.6;0.326;5.9;11.7;0.501;0.497;5.2;6.4;0.809;1.2;4.4;5.6;2.1;1.1;1.6;2.4;3.5;22.4
240;Justin Jackson;SF;28;MIN;2;0;0.5;0;0;0;0;0;0;0;0;0;0;0;0;0;0;0;0;0;0;0;0;0;0
241;Reggie Jackson;PG;33;DEN;67;16;22;4;9.1;0.441;1.2;3.4;0.354;2.8;5.7;0.492;0.507;0.8;1;0.776;0.4;1.6;1.9;3.7;0.5;0.1;1.2;1.7;10
242;Trayce Jackson-Davis;PF;23;GSW;52;5;14;3;4.3;0.707;0;0;0;3;4.3;0.707;0.707;1;1.8;0.564;1.8;2.6;4.3;1;0.3;0.9;0.7;1.6;7.1
243;LeBron James;PF;39;LAL;58;58;35.2;9.5;18;0.527;2.2;5.4;0.403;7.3;12.6;0.581;0.588;4;5.4;0.741;0.8;6.3;7.2;8;1.3;0.6;3.3;1.2;25.2
244;Jaime Jaquez Jr.;SF;22;MIA;60;17;29.3;4.8;9.8;0.496;0.9;2.7;0.323;4;7;0.563;0.541;2;2.4;0.808;1.2;2.8;4;2.6;1.1;0.2;1.6;2.3;12.5
245;DeJon Jarreau;SG;26;MEM;3;0;22;2;6.7;0.3;0.3;1.3;0.25;1.7;5.3;0.313;0.325;1.3;1.3;1;0.3;6.3;6.7;5;1.7;0;1.7;1.7;5.7
246;DaQuan Jeffries;SG;26;NYK;13;0;2.6;0.4;1.1;0.357;0.1;0.5;0.143;0.3;0.5;0.571;0.393;0;0.2;0;0;0.4;0.4;0.2;0;0;0.1;0.2;0.8
247;Trey Jemison;C;24;TOT;15;7;19.3;2.9;4.8;0.611;0;0;0;2.9;4.8;0.611;0.611;0.8;1;0.8;2;2.1;4.1;0.7;0.4;1;1.3;2.9;6.7
247;Trey Jemison;C;24;WAS;2;0;0.5;0;0;0;0;0;0;0;0;0;0;0;0;0;0;0.5;0.5;0;0;0;0.5;0;0
247;Trey Jemison;C;24;MEM;13;7;22.2;3.4;5.5;0.611;0;0;0;3.4;5.5;0.611;0.611;0.9;1.2;0.8;2.3;2.4;4.7;0.8;0.5;1.2;1.4;3.3;7.7
248;Ty Jerome;SG;26;CLE;2;0;7.5;1;2;0.5;0;0.5;0;1;1.5;0.667;0.5;0;0;0;0.5;0;0.5;1.5;0;0;0.5;1;2
249;Isaiah Joe;SG;24;OKC;62;0;18.4;2.8;6.2;0.457;1.9;4.5;0.413;1;1.7;0.577;0.608;0.5;0.6;0.85;0.4;1.9;2.3;1.1;0.6;0.3;0.6;1.1;8.1
250;Cameron Johnson;PF;27;BRK;50;45;27.8;4.9;10.9;0.454;2.4;6.1;0.397;2.5;4.7;0.527;0.566;1.4;1.8;0.78;1;3.4;4.4;2.5;0.8;0.3;1;1.9;13.7
251;Jalen Johnson;SF;22;ATL;49;46;34;6.4;12.3;0.516;1.2;3.5;0.353;5.1;8.9;0.579;0.565;1.9;2.7;0.718;1.3;7.2;8.6;3.5;1.1;0.9;1.8;2.5;15.9
252;James Johnson;PF;36;IND;6;0;5.3;0.3;1;0.333;0;0.2;0;0.3;0.8;0.4;0.333;0.3;0.3;1;0.2;0.5;0.7;1;0.7;0.2;0.3;1.2;1
253;Keldon Johnson;SF;24;SAS;62;26;29.6;5.8;12.8;0.453;1.8;5.3;0.344;4;7.5;0.53;0.525;2.5;3.1;0.788;1.4;4.1;5.5;2.9;0.8;0.3;1.5;2.2;15.9
254;Keon Johnson;SG;21;BRK;4;0;12.8;1.8;4.8;0.368;1;2.3;0.444;0.8;2.5;0.3;0.474;2.5;2.5;1;0.8;0.5;1.3;0.8;0.8;0.3;1;1;7
255;Keyontae Johnson;SF;23;OKC;9;0;7.3;0.6;1.8;0.313;0.1;0.3;0.333;0.4;1.4;0.308;0.344;0;0;0;0.4;0.7;1.1;0.4;0.1;0;0.4;0.6;1.2
256;Nikola Joki?;C;28;DEN;65;65;34.3;10.2;17.6;0.584;1;2.9;0.349;9.2;14.6;0.63;0.613;4.5;5.5;0.828;2.9;9.3;12.2;9.1;1.3;0.9;2.9;2.5;26
257;Colby Jones;SG;21;SAC;19;0;6.6;0.9;2.5;0.375;0.1;0.7;0.077;0.9;1.8;0.486;0.385;0.1;0.3;0.4;0.5;0.8;1.4;0.6;0.2;0.1;0.3;0.8;2.1
258;Damian Jones;C;28;CLE;30;0;7.3;1.1;1.8;0.593;0.1;0.3;0.222;1;1.5;0.667;0.611;0.4;0.5;0.813;0.5;1.2;1.7;0.4;0.2;0.4;0.4;0.7;2.6
259;Derrick Jones Jr.;SF;26;DAL;62;52;23.6;3.3;6.6;0.495;1.2;3.3;0.356;2.1;3.3;0.631;0.583;1.2;1.7;0.717;1.1;2.3;3.4;1;0.7;0.6;0.9;1.6;8.9
260;Herbert Jones;SF;25;NOP;61;61;29.4;3.9;7.7;0.514;1.5;3.5;0.434;2.4;4.2;0.58;0.612;1.7;2;0.85;1;2.6;3.6;2.5;1.3;0.9;1.2;2.9;11
261;Mason Jones;SG;25;SAC;1;0;13;0;3;0;0;2;0;0;1;0;0;1;2;0.5;1;3;4;4;0;0;0;0;1
262;Tre Jones;PG;24;SAS;62;33;26.6;3.7;7.4;0.505;0.7;2.3;0.322;3;5.1;0.589;0.556;1.4;1.6;0.87;0.7;2.7;3.4;6.1;1;0.1;1.5;1.2;9.6
263;Tyus Jones;PG;27;WAS;66;66;29.3;4.9;10.1;0.489;1.6;3.9;0.414;3.3;6.2;0.537;0.569;0.5;0.6;0.8;0.3;2.4;2.7;7.3;1.1;0.3;1;0.7;12
264;DeAndre Jordan;C;35;DEN;29;1;11.3;1.7;2.6;0.632;0;0;0;1.7;2.6;0.632;0.632;0.8;1.7;0.449;1.7;2.9;4.6;0.7;0.2;0.4;0.7;1.7;4.1
265;Cory Joseph;PG;32;GSW;26;0;11.4;0.9;2.5;0.359;0.5;1.6;0.31;0.4;0.8;0.455;0.461;0.2;0.3;0.571;0.2;0.9;1.2;1.6;0.2;0.1;0.5;1;2.4
266;Nikola Jovi?;PF;20;MIA;32;24;17.6;2.2;5;0.438;1.1;2.7;0.419;1.1;2.3;0.459;0.55;0.6;1;0.606;0.6;3.5;4.1;1.9;0.5;0.3;1;1.8;6.1
267;Johnny Juzang;SG;22;UTA;7;0;11.6;1.9;4.4;0.419;1;3.1;0.318;0.9;1.3;0.667;0.532;0;0;0;0.3;1.1;1.4;0.6;0;0;0.3;0.4;4.7
268;Luke Kennard;SG;27;MEM;35;18;25;3.6;8;0.454;2.7;6;0.455;0.9;2;0.449;0.625;1.1;1.3;0.886;0.3;2.5;2.8;3.1;0.5;0;1.2;1;11.1
269;Walker Kessler;C;22;UTA;54;18;23.3;3.7;5.7;0.643;0.1;0.4;0.211;3.6;5.4;0.671;0.649;0.9;1.5;0.568;2.6;4.9;7.5;0.9;0.5;2.6;1;2.1;8.3
270;Braxton Key;SF;26;DEN;17;0;3.2;0.4;0.9;0.375;0.1;0.2;0.25;0.3;0.7;0.417;0.406;0.2;0.4;0.667;0.2;0.6;0.8;0.5;0.1;0.1;0.1;0.3;1
271;Corey Kispert;SF;24;WAS;64;6;23.3;4.5;9.3;0.481;2.1;5.7;0.373;2.3;3.6;0.655;0.596;1.4;1.9;0.756;0.3;2.2;2.6;1.8;0.4;0.2;1.1;1.7;12.5
272;Maxi Kleber;C;32;DAL;30;7;21;1.5;3.7;0.409;0.7;2.2;0.313;0.8;1.4;0.558;0.505;0.7;1.1;0.667;0.6;2.8;3.4;1.5;0.3;0.7;0.7;1.9;4.4
273;Kevin Knox;SF;24;DET;31;11;18.1;2.8;6;0.462;1;3;0.33;1.8;3;0.598;0.546;0.6;0.7;0.909;0.6;1.8;2.4;0.7;0.4;0.2;0.7;1.6;7.2
274;John Konchar;SF;27;MEM;51;20;20.5;1.6;3.7;0.426;0.7;2.1;0.321;0.9;1.6;0.568;0.518;0.3;0.4;0.85;1.3;3.3;4.6;1.9;0.9;1;0.8;1.3;4.2
275;Furkan Korkmaz;SG;26;PHI;35;0;8.6;0.9;2.2;0.395;0.4;1.1;0.35;0.5;1;0.444;0.487;0.4;0.6;0.7;0.1;0.7;0.9;0.7;0.4;0.1;0.3;0.5;2.5
276;Luke Kornet;C;28;BOS;48;3;15.1;2.2;3.1;0.695;0;0;0;2.2;3.1;0.695;0.695;0.8;0.9;0.902;1.8;2.1;3.9;1;0.4;1;0.4;1.4;5.1
277;Vit Krejci;PG;23;ATL;6;4;18.3;0.8;2.8;0.294;0.7;2.2;0.308;0.2;0.7;0.25;0.412;0.2;0.3;0.5;0.3;0.5;0.8;2;0.8;0.3;0.3;1.3;2.5
278;Jonathan Kuminga;PF;21;GSW;64;38;26;6.1;11.6;0.529;0.7;2.3;0.317;5.4;9.3;0.581;0.56;3.2;4.2;0.745;1.3;3.5;4.8;2.1;0.7;0.5;1.7;2.2;16.1
279;Kyle Kuzma;PF;28;WAS;64;64;32.2;8.8;18.8;0.465;2.2;6.7;0.336;6.5;12.2;0.536;0.524;2.8;3.5;0.787;1;5.6;6.5;4.2;0.5;0.7;2.7;2.2;22.5
280;Jock Landale;C;28;HOU;40;0;10.1;1.1;2.6;0.437;0.1;0.6;0.217;1;2;0.5;0.461;0.7;0.8;0.788;1.4;1.2;2.6;0.9;0.3;0.4;0.4;1.1;3
281;Jake LaRavia;PF;22;MEM;22;1;17.7;2.4;6.8;0.356;0.8;3.3;0.25;1.6;3.5;0.455;0.416;1.9;2.3;0.824;1.3;1.9;3.2;1.1;0.8;0.3;0.8;2;7.5
282;Zach LaVine;SG;28;CHI;25;23;34.9;6.8;15;0.452;2.4;6.8;0.349;4.4;8.3;0.536;0.531;3.5;4.1;0.854;0.3;4.8;5.2;3.9;0.8;0.3;2.1;2.3;19.5
283;A.J. Lawson;SG;23;DAL;32;0;7.6;1.3;2.9;0.467;0.4;1.3;0.31;0.9;1.6;0.6;0.538;0.4;0.7;0.619;0.4;0.7;1.1;0.4;0.3;0.1;0.3;0.6;3.5
284;Saben Lee;PG;24;PHO;21;0;8.5;0.9;2.5;0.34;0.1;0.8;0.125;0.8;1.8;0.432;0.358;1.4;1.9;0.744;0.4;1;1.5;1.4;0.3;0.1;0.4;0.6;3.2
285;Alex Len;C;30;SAC;31;0;8.7;1.2;1.9;0.6;0;0.1;0;1.2;1.8;0.632;0.6;0.3;0.7;0.476;1.1;1.6;2.7;0.9;0.3;0.5;0.6;1.2;2.6
286;Kawhi Leonard;SF;32;LAC;60;60;34.3;9;17;0.526;2.1;5;0.425;6.8;12;0.568;0.588;3.7;4.2;0.888;1.2;4.9;6.2;3.7;1.7;0.9;1.7;1.4;23.7
287;Caris LeVert;SG;29;CLE;54;3;28.1;5;12.2;0.41;1.6;5.1;0.325;3.4;7.1;0.471;0.478;2;2.7;0.747;0.5;3.4;3.9;5;1;0.4;1.6;1.7;13.7
288;Kira Lewis Jr.;PG;22;TOT;19;0;8.1;0.9;2.8;0.315;0.1;1.1;0.095;0.8;1.7;0.455;0.333;0.5;0.6;0.909;0.3;0.5;0.8;1.1;0.3;0.1;0.4;0.5;2.4
288;Kira Lewis Jr.;PG;22;NOP;15;0;9.6;1.1;3.5;0.308;0.1;1.3;0.1;0.9;2.1;0.438;0.327;0.7;0.7;0.909;0.3;0.7;0.9;1.2;0.3;0.1;0.5;0.5;2.9
288;Kira Lewis Jr.;PG;22;TOR;1;0;2;0;0;0;0;0;0;0;0;0;0;0;0;0;0;0;0;0;0;0;0;1;0
288;Kira Lewis Jr.;PG;22;UTA;3;0;2.3;0.3;0.7;0.5;0;0.3;0;0.3;0.3;1;0.5;0;0;0;0.3;0;0.3;1;0.3;0;0;0;0.7
289;Maxwell Lewis;SF;21;LAL;24;0;3.2;0.1;0.5;0.25;0;0.1;0.333;0.1;0.4;0.222;0.292;0;0;0;0;0.1;0.1;0.1;0.1;0;0.3;0.2;0.3
290;E.J. Liddell;PF;23;NOP;8;0;2.9;0.1;0.8;0.167;0;0.6;0;0.1;0.1;1;0.167;0.3;0.3;1;0;0.6;0.6;0.1;0.3;0.3;0.3;0.3;0.5
291;Damian Lillard;PG;33;MIL;62;62;35;7.4;17.4;0.424;3;8.6;0.352;4.4;8.8;0.494;0.51;6.6;7.1;0.925;0.5;3.8;4.4;6.9;1;0.2;2.5;1.8;24.3
292;Nassir Little;SF;23;PHO;36;2;11.9;1.4;3;0.45;0.5;1.7;0.306;0.8;1.3;0.638;0.537;0.5;0.6;0.85;0.4;1.6;2;0.5;0.3;0.3;0.4;1;3.7
293;Dereck Lively II;C;19;DAL;48;42;24.2;4.1;5.4;0.75;0;0;0;4.1;5.4;0.756;0.75;0.8;1.5;0.529;2.6;4.4;6.9;1.1;0.7;1.4;1;2.8;8.9
294;Isaiah Livers;PF;25;DET;23;6;20.4;1.7;5;0.345;1;3.3;0.286;0.8;1.7;0.462;0.44;0.5;0.8;0.667;0.7;1.4;2.1;1.1;0.6;0.2;0.7;1.9;5
295;Chris Livingston;SF;20;MIL;16;0;4.3;0.4;1;0.438;0.1;0.2;0.333;0.4;0.8;0.462;0.469;0.1;0.1;1;0.1;0.8;0.9;0.3;0.1;0;0.3;0.7;1.1
296;Kenneth Lofton Jr.;PF;21;TOT;17;0;6.4;0.9;2.5;0.349;0.2;0.7;0.25;0.7;1.8;0.387;0.384;0.5;0.9;0.533;0.1;0.9;1.1;0.8;0.2;0.2;0.5;0.9;2.4
296;Kenneth Lofton Jr.;PF;21;MEM;15;0;6.6;0.9;2.5;0.378;0.2;0.7;0.3;0.7;1.8;0.407;0.419;0.5;1;0.533;0.1;0.9;1;0.9;0.2;0.2;0.4;1;2.6
296;Kenneth Lofton Jr.;PF;21;PHI;2;0;4.5;0.5;3;0.167;0;1;0;0.5;2;0.25;0.167;0;0;0;0;1.5;1.5;0;0;0;1;0;1
297;Kevon Looney;C;27;GSW;62;36;16.9;1.9;3.2;0.599;0;0;0;1.9;3.2;0.602;0.599;0.7;1.1;0.667;2;3.8;5.9;2;0.4;0.4;0.7;2.2;4.5
298;Brook Lopez;C;35;MIL;64;64;31.2;4.6;9.7;0.477;1.8;5.2;0.356;2.8;4.5;0.615;0.572;1.4;1.6;0.829;1.5;3.9;5.3;1.7;0.6;2.6;0.9;2.4;12.5
299;Robin Lopez;C;35;MIL;16;2;4.1;0.4;1.2;0.368;0.1;0.5;0.25;0.3;0.7;0.455;0.421;0.1;0.1;1;0.2;0.1;0.3;0.3;0.1;0.2;0.1;0.4;1.1
300;Kevin Love;PF;35;MIA;47;5;17.5;2.9;6.5;0.443;1.6;4.5;0.349;1.3;2;0.656;0.564;1.7;2.2;0.779;1.1;5.1;6.2;2.2;0.3;0.2;0.8;1.8;9
301;Kyle Lowry;PG;37;TOT;47;42;28.1;2.8;6.5;0.426;1.6;4.2;0.382;1.1;2.3;0.509;0.551;1;1.2;0.86;0.6;2.7;3.4;4.2;1;0.3;1.4;2.4;8.2
301;Kyle Lowry;PG;37;MIA;37;35;28;2.8;6.5;0.426;1.7;4.4;0.385;1.1;2.2;0.506;0.554;0.9;1.1;0.833;0.7;2.8;3.5;4;1.1;0.4;1.4;2.5;8.2
301;Kyle Lowry;PG;37;PHI;10;7;28.5;2.7;6.3;0.429;1.4;3.8;0.368;1.3;2.5;0.52;0.54;1.4;1.5;0.933;0.5;2.4;2.9;5;1;0.1;1.5;1.9;8.2
302;Seth Lundy;SF;23;ATL;9;0;5.8;0.4;1.9;0.235;0.3;1.4;0.231;0.1;0.4;0.25;0.324;0.3;0.4;0.75;0.1;0.7;0.8;0;0;0;0.1;0.7;1.6
303;Trey Lyles;PF;28;SAC;49;0;19.8;2.4;5.3;0.45;1.4;3.7;0.383;1;1.7;0.598;0.582;0.9;1.3;0.698;1;3.4;4.4;1.1;0.3;0.3;0.6;1.6;7.1
304;Théo Maledon;PG;22;TOT;17;1;12.5;1.2;4.1;0.286;0.3;1.8;0.167;0.9;2.4;0.375;0.321;0.8;0.9;0.933;0.2;1.2;1.4;1.6;0.4;0;1.1;1.2;3.5
304;Théo Maledon;PG;22;CHO;13;1;15.4;1.5;5.1;0.288;0.4;2.3;0.167;1.1;2.8;0.389;0.326;0.8;0.9;0.917;0.3;1.5;1.8;2.2;0.5;0;1.2;1.4;4.2
304;Théo Maledon;PG;22;PHO;4;0;3.3;0.3;1;0.25;0;0;0;0.3;1;0.25;0.25;0.8;0.8;1;0;0.3;0.3;0;0;0;0.8;0.8;1.3
305;Sandro Mamukelashvili;C;24;SAS;37;0;6.4;0.9;2.1;0.447;0.2;0.9;0.229;0.7;1.1;0.634;0.5;0.3;0.5;0.706;0.7;1.1;1.8;0.9;0.2;0.2;0.2;0.6;2.4
306;Terance Mann;SG;27;LAC;60;56;25.3;3.2;6.5;0.49;1;2.9;0.333;2.3;3.7;0.611;0.563;1;1.2;0.814;1.2;2.2;3.4;1.7;0.6;0.2;0.6;1.9;8.3
307;Tre Mann;PG;22;TOT;26;13;20;3;6.4;0.461;1;2.6;0.382;2;3.8;0.515;0.539;0.7;1;0.731;0.4;3;3.5;3;0.9;0;1.1;1.1;7.7
307;Tre Mann;PG;22;OKC;13;0;9.2;1.5;3.1;0.5;0.6;1.5;0.421;0.9;1.6;0.571;0.6;0.1;0.1;1;0.3;1.5;1.8;1.5;0.2;0;0.7;0.2;3.8
307;Tre Mann;PG;22;CHO;13;13;30.8;4.4;9.8;0.449;1.4;3.8;0.367;3;6;0.5;0.52;1.4;1.9;0.72;0.5;4.5;5.1;4.5;1.6;0;1.5;1.9;11.5
308;Boban Marjanovi?;C;35;HOU;9;0;5.3;1.1;2.3;0.476;0;0.2;0;1.1;2.1;0.526;0.476;0.3;0.7;0.5;0.7;1.8;2.4;0.4;0;0.1;0.2;0.4;2.6
309;Lauri Markkanen;PF;26;UTA;51;51;32.9;7.7;16;0.483;3.2;8;0.401;4.5;8;0.565;0.583;4.4;4.9;0.888;2.3;6;8.3;2;0.9;0.5;1.3;1.9;23.1
310;Naji Marshall;SF;26;NOP;54;1;18.9;2.6;5.6;0.457;0.9;2.4;0.386;1.7;3.3;0.508;0.538;1.2;1.5;0.793;0.9;2.7;3.6;2;0.7;0.2;1.1;1.4;7.3
311;Caleb Martin;SF;28;MIA;49;19;27.3;4;8.7;0.456;1.3;3.4;0.395;2.6;5.3;0.494;0.533;1.2;1.6;0.782;1.2;3.4;4.7;2.1;0.7;0.4;1.2;2.1;10.6
312;Cody Martin;SF;28;CHO;28;22;26.9;2.9;7.7;0.381;1;3.1;0.314;2;4.6;0.426;0.444;0.7;1.2;0.606;0.7;3.2;3.9;3.7;1.1;0.6;1.6;1.7;7.5
313;KJ Martin;SF;23;TOT;49;2;11.5;1.5;2.7;0.541;0.1;0.4;0.273;1.3;2.3;0.595;0.564;0.4;0.7;0.545;0.5;1.3;1.8;0.7;0.4;0.1;0.5;1.6;3.4
313;KJ Martin;SF;23;LAC;2;0;15.5;2;5;0.4;0.5;2.5;0.2;1.5;2.5;0.6;0.45;0.5;1;0.5;0.5;1;1.5;0.5;1;0.5;1;1.5;5
313;KJ Martin;SF;23;PHI;47;2;11.4;1.4;2.6;0.553;0.1;0.4;0.294;1.3;2.3;0.594;0.573;0.4;0.7;0.548;0.5;1.3;1.8;0.7;0.4;0.1;0.5;1.6;3.4
314;Garrison Mathews;SG;27;ATL;50;4;13.4;1.2;2.6;0.443;1;2.4;0.441;0.1;0.3;0.462;0.641;0.3;0.4;0.75;0.3;1.1;1.4;0.5;0.3;0.1;0.3;1.7;3.7
315;Bennedict Mathurin;SF;21;IND;59;19;26.1;5;11.2;0.446;1.4;3.6;0.374;3.7;7.6;0.481;0.507;3.1;3.8;0.821;1;2.9;4;2;0.6;0.2;1.6;2;14.5
316;Wesley Matthews;SG;37;ATL;26;3;11;0.8;2.3;0.328;0.5;1.7;0.311;0.2;0.6;0.375;0.443;0.6;0.8;0.727;0.2;1.2;1.3;0.6;0.4;0.3;0.2;1.2;2.7
317;Tyrese Maxey;PG;23;PHI;57;57;37.2;9;20.1;0.45;3.1;8.1;0.383;5.9;12;0.495;0.527;4.8;5.5;0.866;0.6;3.2;3.7;6.2;1;0.5;1.7;2.1;25.9
318;Skylar Mays;PG-SG;26;TOT;33;5;12.8;1.9;4.7;0.397;0.5;1.6;0.296;1.4;3.1;0.451;0.449;0.4;0.5;0.765;0.3;1;1.3;2.5;0.5;0.1;0.6;0.8;4.6
318;Skylar Mays;PG;26;POR;21;5;17;2.5;6.6;0.384;0.7;2.3;0.286;1.9;4.2;0.438;0.435;0.6;0.8;0.765;0.4;1.3;1.8;3.6;0.7;0.1;0.9;1;6.3
318;Skylar Mays;SG;26;LAL;12;0;5.4;0.8;1.5;0.5;0.2;0.4;0.4;0.6;1.1;0.538;0.556;0;0;0;0.1;0.4;0.5;0.7;0.3;0.1;0.1;0.4;1.7
319;Miles McBride;PG;23;NYK;53;5;15.1;2.5;5.6;0.439;1.2;3.1;0.405;1.2;2.5;0.481;0.551;0.4;0.5;0.821;0.3;0.8;1.1;1.4;0.6;0.1;0.4;1.3;6.6
320;CJ McCollum;PG;32;NOP;50;50;31.2;6.6;14.6;0.452;3.2;7.9;0.407;3.4;6.8;0.504;0.561;1.7;2.1;0.794;0.5;3.8;4.3;4.3;1;0.7;1.6;2;18.1
321;T.J. McConnell;PG;31;IND;56;4;17.8;4.1;7.4;0.55;0.2;0.5;0.333;3.9;6.9;0.566;0.561;0.8;1;0.782;0.5;2.2;2.7;5.4;1.1;0.1;1.4;1;9.1
322;Jaden McDaniels;SF;23;MIN;56;55;29.2;4.2;8.6;0.489;1.2;3.4;0.344;3;5.2;0.585;0.557;0.8;1;0.75;0.8;2.2;3;1.4;0.9;0.5;1.2;3.1;10.3
323;Jalen McDaniels;SF;26;TOR;38;0;9.6;1.2;3.4;0.354;0.3;1.6;0.186;0.9;1.9;0.493;0.396;0.4;0.6;0.667;0.3;1.2;1.5;0.6;0.4;0.1;0.6;1;3.1
324;Doug McDermott;SF;32;TOT;52;0;14.7;2;4.6;0.427;1.5;3.7;0.415;0.4;0.9;0.478;0.594;0.2;0.4;0.579;0.2;0.8;1;1.2;0.2;0;0.5;1;5.7
324;Doug McDermott;SF;32;SAS;46;0;15.2;2.1;4.7;0.442;1.7;3.8;0.439;0.4;0.9;0.452;0.619;0.2;0.4;0.588;0.2;0.9;1;1.2;0.2;0;0.5;1;6
324;Doug McDermott;SF;32;IND;6;0;11;1.2;4;0.292;0.7;3.3;0.2;0.5;0.7;0.75;0.375;0.2;0.3;0.5;0.2;0.3;0.5;0.7;0;0;0.2;0.5;3.2
325;JaVale McGee;C;36;SAC;40;0;7.9;1.9;2.9;0.632;0;0.1;0.2;1.8;2.8;0.652;0.637;0.6;1.1;0.581;0.9;1.9;2.8;0.4;0.3;0.5;0.8;1.1;4.4
326;Bryce McGowens;SG;21;CHO;50;13;15.8;1.8;3.9;0.454;0.6;1.8;0.341;1.2;2.1;0.547;0.531;1;1.4;0.754;0.3;1.5;1.8;0.9;0.4;0.1;0.5;1.4;5.2
327;Jordan McLaughlin;PG;27;MIN;40;0;9.4;1.1;2.4;0.433;0.6;1.5;0.431;0.4;1;0.436;0.562;0.2;0.3;0.6;0.3;1;1.2;1.8;0.7;0.2;0.4;0.6;2.9
328;De'Anthony Melton;SG;25;PHI;36;33;27.8;3.8;9.7;0.391;2.1;5.8;0.362;1.7;3.9;0.433;0.499;1.8;2.2;0.835;0.8;3.1;3.8;3.1;1.6;0.4;1.1;2.3;11.5
329;Nathan Mensah;C;25;CHO;25;0;12.3;0.5;1.1;0.429;0;0;0;0.5;1.1;0.429;0.429;0.4;0.5;0.75;1.2;1.4;2.6;0.4;0.2;0.6;0.6;2.6;1.3
330;Sam Merrill;SG;27;CLE;48;1;16.7;2.6;6.4;0.408;2.3;5.7;0.408;0.3;0.7;0.412;0.59;0.3;0.3;0.933;0.4;1.5;1.9;1.7;0.3;0;0.3;1.1;7.8
331;Chimezie Metu;C;26;PHO;37;5;12.1;1.8;3.5;0.508;0.4;1.4;0.294;1.4;2.1;0.646;0.565;1;1.2;0.884;0.6;2.3;3;0.5;0.5;0.2;0.7;1.1;5
332;Vasilije Mici?;PG;30;TOT;46;7;16.9;2.4;5.3;0.443;0.6;2.2;0.277;1.8;3.2;0.559;0.5;1;1.2;0.815;0.2;1;1.3;3.7;0.4;0.1;1.4;1;6.3
332;Vasilije Mici?;PG;30;OKC;30;0;12;1.2;3;0.407;0.4;1.5;0.244;0.9;1.5;0.565;0.467;0.5;0.6;0.737;0;0.8;0.8;2.5;0.3;0.1;1;0.7;3.3
332;Vasilije Mici?;PG;30;CHO;16;7;25.9;4.5;9.7;0.465;1.1;3.5;0.304;3.4;6.2;0.556;0.519;1.9;2.2;0.857;0.6;1.6;2.1;5.9;0.7;0.1;2.3;1.4;11.9
333;Khris Middleton;SF;32;MIL;43;43;26.3;5.6;11.6;0.487;1.7;4.5;0.378;3.9;7.1;0.556;0.56;1.8;2.2;0.832;0.6;3.7;4.3;5;0.9;0.3;2.1;2.4;14.8
334;Brandon Miller;SF;21;CHO;60;54;32.1;6.3;14.5;0.436;2.4;6.4;0.368;4;8.2;0.489;0.517;1.8;2.2;0.817;0.9;3.4;4.2;2.4;1;0.6;1.7;2.6;16.8
335;Jordan Miller;SF;24;LAC;7;0;3.7;0.7;1.3;0.556;0.1;0.3;0.5;0.6;1;0.571;0.611;0.3;0.3;1;0.4;0.3;0.7;0;0;0;0.1;0.3;1.9
336;Leonard Miller;SF;20;MIN;8;0;3.5;0.9;1.4;0.636;0.1;0.4;0.333;0.8;1;0.75;0.682;0;0;0;0.3;1.3;1.5;0.4;0.1;0.1;0.1;0.5;1.9
337;Dariq Whitehead;SF;19;BRK;2;0;12;0.5;2.5;0.2;0;1.5;0;0.5;1;0.5;0.2;0.5;1;0.5;0;2;2;1.5;0;0.5;0;0;1.5
338;Patty Mills;PG;35;TOT;23;0;11.3;1.2;3.3;0.373;0.7;2.1;0.354;0.5;1.2;0.407;0.487;0;0;0;0.2;1;1.2;0.8;0.5;0;0.5;0.9;3.2
338;Patty Mills;PG;35;ATL;19;0;10.6;1;2.7;0.373;0.7;1.8;0.382;0.3;0.9;0.353;0.5;0;0;0;0.3;0.8;1.1;0.7;0.5;0.1;0.4;0.9;2.7
338;Patty Mills;PG;35;MIA;4;0;14.8;2.3;6;0.375;1;3.5;0.286;1.3;2.5;0.5;0.458;0;0;0;0;1.8;1.8;1.3;0.8;0;1;1;5.5
339;Shake Milton;SG;27;TOT;44;0;12.7;1.7;4.3;0.399;0.4;1.4;0.27;1.3;2.8;0.464;0.444;0.9;1.1;0.816;0.3;1.3;1.6;1.3;0.4;0.1;0.7;1.1;4.7
339;Shake Milton;SG;27;MIN;38;0;12.9;1.7;4.2;0.4;0.4;1.4;0.264;1.3;2.8;0.467;0.444;0.9;1.2;0.818;0.2;1.2;1.3;1.3;0.4;0.1;0.7;1.2;4.7
339;Shake Milton;SG;27;DET;4;0;15.8;2.8;6.5;0.423;0.8;2.3;0.333;2;4.3;0.471;0.481;0.5;0.8;0.667;1.8;2.8;4.5;1.5;0.5;0.3;0.8;0.8;6.8
339;Shake Milton;SG;27;NYK;2;0;2.5;0;1;0;0;0.5;0;0;0.5;0;0;1;1;1;0;0;0;0;0;0;0;0.5;1
340;Justin Minaya;SF;24;POR;23;0;8.3;0.4;1.5;0.257;0.2;1;0.217;0.2;0.5;0.333;0.329;0.2;0.3;0.5;0.5;0.6;1.1;0.4;0.3;0.2;0.3;0.6;1.2
341;Josh Minott;SF;21;MIN;23;0;2.9;0.4;1.1;0.4;0;0.3;0.143;0.4;0.8;0.5;0.42;0.5;0.6;0.857;0.1;0.4;0.6;0.2;0.1;0.2;0.1;0.3;1.4
342;Davion Mitchell;PG;25;SAC;55;4;13.7;1.7;3.8;0.452;0.7;2;0.333;1.1;1.9;0.578;0.538;0.4;0.5;0.741;0.2;0.9;1.1;1.7;0.2;0.1;0.6;1.2;4.5
343;Donovan Mitchell;SG;27;CLE;48;48;35.5;9.6;20.4;0.47;3.4;9.1;0.373;6.2;11.3;0.548;0.553;5.2;6;0.861;0.9;4.5;5.4;6.1;1.8;0.5;2.9;2.3;27.7
344;Evan Mobley;PF;22;CLE;38;38;31.1;6.5;11.2;0.578;0.3;0.9;0.314;6.2;10.3;0.602;0.591;2.3;3.3;0.704;2.4;7.8;10.2;3.1;0.9;1.6;1.9;2.8;15.6
345;Isaiah Mobley;PF;24;CLE;6;0;8.5;0.8;2.2;0.385;0.3;1.2;0.286;0.5;1;0.5;0.462;0;0;0;0;1;1;1;0.2;0;0.2;0.8;2
346;Malik Monk;SG;25;SAC;64;0;26.2;5.6;12.5;0.449;2.2;6;0.37;3.4;6.5;0.522;0.538;2.3;2.8;0.811;0.4;2.6;3;5.3;0.6;0.6;2.1;2.1;15.7
347;Moses Moody;SG;21;GSW;51;8;17.8;3;6.6;0.457;1;3.1;0.327;2;3.5;0.57;0.533;1.1;1.4;0.789;1.1;2.1;3.2;0.7;0.7;0.5;0.7;1.3;8.1
348;Xavier Moon;SG;29;LAC;4;0;4.5;0.5;0.8;0.667;0;0.3;0;0.5;0.5;1;0.667;0;0;0;0;0.5;0.5;0.8;0;0;0.5;0.3;1
349;Taze Moore;SG;25;POR;3;0;3.3;1;1.7;0.6;0;0.7;0;1;1;1;0.6;0;0;0;0;0;0;0.3;0.3;0;0.3;0.7;2
350;Wendell Moore Jr.;SG;22;MIN;16;0;3;0.3;0.6;0.5;0;0.3;0;0.3;0.4;0.833;0.5;0;0;0;0;0.4;0.4;0.1;0.3;0.1;0.2;0.3;0.6
351;Ja Morant;PG;24;MEM;9;9;35.3;8.9;18.9;0.471;1.6;5.7;0.275;7.3;13.2;0.555;0.512;5.8;7.1;0.813;0.7;4.9;5.6;8.1;0.8;0.6;3;2.1;25.1
352;Marcus Morris;PF;34;PHI;37;7;17.2;2.4;5.5;0.439;1;2.4;0.4;1.5;3.1;0.47;0.527;0.8;1;0.861;0.5;2.5;2.9;0.7;0.4;0.3;0.5;1.6;6.7
353;Markieff Morris;PF;34;DAL;20;1;8.4;1;2.6;0.365;0.6;1.6;0.375;0.4;1;0.35;0.481;0.2;0.2;0.75;0.2;1.3;1.5;0.6;0.3;0.1;0.5;0.6;2.7
354;Monte Morris;PG;28;TOT;17;0;14.2;2;5.3;0.378;0.6;2.1;0.306;1.4;3.2;0.426;0.439;0.4;0.5;0.667;0.3;1.4;1.7;2.4;0.5;0.2;0.2;0.4;5
354;Monte Morris;PG;28;DET;6;0;11.3;2;5.5;0.364;0.3;1.8;0.182;1.7;3.7;0.455;0.394;0.2;0.3;0.5;0.3;1.7;2;1.3;0.2;0.2;0.3;0.2;4.5
354;Monte Morris;PG;28;MIN;11;0;15.7;2;5.2;0.386;0.8;2.3;0.36;1.2;2.9;0.406;0.465;0.5;0.6;0.714;0.3;1.3;1.5;2.9;0.6;0.2;0.2;0.5;5.3
355;Trey Murphy III;SF;23;NOP;41;10;27.3;4.7;10.5;0.443;2.9;7.7;0.376;1.8;2.9;0.624;0.58;1.7;2.2;0.769;0.6;3.6;4.2;1.9;0.8;0.5;0.5;1.2;13.9
356;Dejounte Murray;SG;27;ATL;63;63;35.4;8.5;18.3;0.464;2.4;6.6;0.364;6.1;11.7;0.522;0.53;2.9;3.6;0.81;0.7;4.5;5.3;5.8;1.3;0.3;2.4;1.7;22.3
357;Jamal Murray;PG;26;DEN;51;51;32;8;16.6;0.479;2.4;5.7;0.416;5.6;10.9;0.512;0.551;2.6;3.1;0.841;0.7;3.4;4.1;6.6;0.9;0.6;2.1;1.8;20.9
358;Keegan Murray;SF;23;SAC;60;60;33;5.6;12.1;0.462;2.2;6.1;0.359;3.4;6;0.569;0.553;1.4;1.7;0.84;1.3;4.1;5.3;1.6;1.1;0.7;0.9;2.7;14.8
359;Kris Murray;SF;23;POR;46;13;17.6;1.8;4.5;0.402;0.6;2.3;0.269;1.2;2.3;0.533;0.469;0.5;0.8;0.639;1;1.9;2.8;1.1;0.8;0.3;0.8;1.2;4.8
360;Mike Muscala;C;32;TOT;41;6;12.9;1.2;3.5;0.35;0.7;2.2;0.304;0.5;1.2;0.431;0.448;0.4;0.6;0.708;0.8;1.9;2.7;0.8;0.2;0.3;0.4;1.1;3.5
360;Mike Muscala;C;32;WAS;24;2;14.1;1.4;3.8;0.367;0.6;2.1;0.275;0.8;1.6;0.487;0.444;0.6;0.8;0.75;0.9;2.2;3.1;0.9;0.2;0.3;0.7;1.3;4
360;Mike Muscala;C;32;DET;13;4;13.2;1.2;3.4;0.341;1;2.6;0.382;0.2;0.8;0.2;0.489;0.2;0.3;0.5;0.8;1.5;2.2;0.8;0.2;0.4;0.2;1;3.5
360;Mike Muscala;C;32;OKC;4;0;5;0.5;2.3;0.222;0.3;1.8;0.143;0.3;0.5;0.5;0.278;0;0;0;0;1.3;1.3;0.3;0;0;0;0.5;1.3
361;Svi Mykhailiuk;SF;26;BOS;27;0;7.7;1;2.7;0.351;0.7;2.2;0.322;0.3;0.6;0.467;0.48;0.1;0.2;0.5;0.3;0.7;1;0.5;0.3;0;0.3;0.4;2.7
362;Larry Nance Jr.;C;31;NOP;48;0;18.9;2.1;3.7;0.582;0.4;1;0.429;1.7;2.7;0.641;0.641;0.8;1;0.75;1.5;3.6;5;1.6;1;0.4;0.8;1.5;5.5
363;Pete Nance;PF;23;CLE;3;0;2.3;0;0.7;0;0;0;0;0;0.7;0;0;0;0;0;0;0.3;0.3;0;0;0;0;0;0
364;Andrew Nembhard;PG;24;IND;53;32;24;3.8;7.7;0.489;0.8;2.4;0.346;2.9;5.3;0.553;0.543;0.6;0.8;0.81;0.6;1.5;2.1;4.2;0.9;0.1;1.6;2;9
365;Aaron Nesmith;SF;24;IND;58;33;27.3;4.4;8.8;0.502;2.1;4.7;0.444;2.3;4.1;0.567;0.62;1.4;1.9;0.735;0.8;2.9;3.8;1.4;1;0.7;0.9;3.3;12.3
366;Georges Niang;PF;30;CLE;66;6;21.8;3.3;7.6;0.442;1.7;4.7;0.367;1.6;2.9;0.566;0.556;0.6;0.7;0.833;0.3;3.3;3.6;1.2;0.3;0.2;0.8;2.3;9
367;Daishen Nix;PG;21;MIN;12;0;3.3;0.7;1.7;0.4;0.4;1.2;0.357;0.3;0.5;0.5;0.525;0.1;0.3;0.25;0;0.1;0.1;0.2;0.3;0;0.2;0.1;1.8
368;Zeke Nnaji;PF;23;DEN;52;0;9.8;1.1;2.6;0.44;0.1;0.4;0.238;1;2.2;0.478;0.459;0.8;1.1;0.712;1.1;1;2.1;0.6;0.3;0.7;0.5;1.4;3.2
369;Jaylen Nowell;SG;24;MEM;9;1;17.3;2.4;6.1;0.4;0.4;2.6;0.174;2;3.6;0.563;0.436;0.3;0.3;1;0.3;1.2;1.6;1.8;0.3;0;0.6;1.4;5.7
370;Markquis Nowell;SG;24;TOR;1;0;4;0;1;0;0;0;0;0;1;0;0;2;2;1;2;0;2;2;1;0;0;0;2
371;Frank Ntilikina;PG;25;CHO;5;0;8.6;0.2;1.8;0.111;0.2;1.6;0.125;0;0.2;0;0.167;0.4;0.4;1;0.2;1;1.2;0.8;0;0;0.2;0.8;1
372;Jusuf Nurki?;C;29;PHO;63;63;27.4;4.5;8.6;0.522;0.3;1.4;0.241;4.2;7.3;0.575;0.541;2.2;3.5;0.635;2.9;8.1;11.1;3.8;1;1.1;2.3;3.4;11.6
373;Jordan Nwora;SF;25;TOT;38;1;11.4;2.2;5;0.429;0.8;2.3;0.33;1.4;2.7;0.515;0.505;0.8;0.9;0.882;0.5;1.8;2.2;1;0.5;0.2;0.7;0.9;5.9
373;Jordan Nwora;SF;25;IND;18;0;10.2;2.1;4.6;0.451;0.6;2;0.306;1.4;2.6;0.565;0.518;0.5;0.6;0.818;0.4;1.4;1.8;1;0.3;0.1;0.7;1.1;5.2
373;Jordan Nwora;SF;25;TOR;20;1;12.6;2.3;5.5;0.413;0.9;2.6;0.346;1.4;2.9;0.474;0.495;1.1;1.2;0.913;0.5;2.1;2.6;1;0.6;0.3;0.7;0.9;6.5
374;Royce O'Neale;SF;30;TOT;64;12;25.4;2.6;6.9;0.38;2;5.5;0.363;0.6;1.4;0.444;0.524;0.3;0.5;0.677;0.8;4;4.8;3;0.8;0.6;1;2.4;7.5
374;Royce O'Neale;SF;30;BRK;49;6;24.5;2.6;6.6;0.388;2;5.4;0.366;0.6;1.2;0.483;0.537;0.3;0.4;0.682;0.8;3.7;4.5;2.8;0.7;0.6;1;2.4;7.4
374;Royce O'Neale;SF;30;PHO;15;6;28.3;2.7;7.7;0.357;2;5.7;0.353;0.7;2;0.367;0.487;0.4;0.6;0.667;0.7;5;5.7;3.5;1.2;0.5;0.7;2.1;7.9
375;Chuma Okeke;SF;25;ORL;39;8;10.2;1;2.7;0.375;0.6;1.9;0.303;0.4;0.7;0.571;0.486;0.1;0.1;0.4;0.5;1.4;1.9;0.5;0.2;0.2;0.3;0.5;2.6
376;Josh Okogie;SG;25;PHO;54;11;17.1;1.5;3.7;0.417;0.5;1.7;0.297;1;2;0.519;0.485;1.4;1.9;0.74;1.3;1.4;2.7;1.1;0.9;0.4;0.6;1.2;4.9
377;Onyeka Okongwu;C;23;ATL;53;8;25.8;4;6.6;0.61;0.4;1.2;0.338;3.6;5.4;0.671;0.641;1.7;2.2;0.8;2.7;4.3;7;1.3;0.4;1.1;0.8;3;10.2
378;Isaac Okoro;SF;23;CLE;57;34;27.2;3.5;7.1;0.498;1.2;3.1;0.399;2.3;4;0.575;0.585;1.4;2.1;0.686;1.1;2.1;3.2;2;0.9;0.5;0.8;2.1;9.7
379;Kelly Olynyk;C;32;TOT;65;14;21.2;3.2;5.9;0.543;0.8;1.9;0.4;2.4;4;0.612;0.608;1.8;2.2;0.821;1.4;3.7;5.1;4.2;0.9;0.4;1.7;2.8;9
379;Kelly Olynyk;C;32;UTA;50;8;20.4;2.9;5.2;0.562;0.7;1.7;0.429;2.2;3.5;0.626;0.632;1.6;1.9;0.842;1.3;3.8;5.1;4.4;0.7;0.2;1.6;2.6;8.1
379;Kelly Olynyk;C;32;TOR;15;6;24;4.3;8.5;0.504;0.9;2.7;0.341;3.3;5.7;0.581;0.559;2.3;3;0.778;1.7;3.3;5;3.7;1.5;0.7;1.9;3.4;11.8
380;Eugene Omoruyi;SF;26;WAS;34;0;7.4;1.7;3.4;0.491;0.2;0.8;0.222;1.5;2.6;0.573;0.517;0.7;1;0.727;0.8;1.2;2;0.7;0.6;0;0.5;1.4;4.2
381;Cedi Osman;SF;28;SAS;63;1;17.4;2.5;5.3;0.474;1.1;3;0.374;1.4;2.3;0.608;0.581;0.5;0.8;0.68;0.4;2.1;2.5;1.7;0.5;0.1;0.7;1.5;6.7
382;Kelly Oubre Jr.;SF;28;PHI;53;37;29.4;5.4;12.2;0.443;1.4;4.6;0.302;4;7.6;0.527;0.499;2.4;3.3;0.731;1.3;3.3;4.7;1.2;1.1;0.5;1.1;3;14.5
383;Chris Paul;PG;38;GSW;41;14;27.1;3.4;8;0.43;1.4;3.8;0.372;2;4.2;0.483;0.518;1;1.2;0.833;0.3;3.5;3.9;7;1.3;0.1;1.1;1.8;9.3
384;Cameron Payne;PG;29;TOT;62;6;16.3;2.6;5.9;0.438;1.2;3.2;0.379;1.4;2.7;0.509;0.541;0.9;1;0.862;0.2;1.2;1.4;2.5;0.5;0.1;0.8;1.6;7.2
384;Cameron Payne;PG;29;MIL;47;2;14.9;2.1;4.7;0.455;1.1;2.8;0.397;1;1.9;0.538;0.572;0.8;0.9;0.841;0.1;1.2;1.3;2.3;0.5;0.1;0.7;1.6;6.2
384;Cameron Payne;PG;29;PHI;15;4;20.5;3.9;9.4;0.411;1.5;4.5;0.343;2.3;4.9;0.473;0.493;1.3;1.4;0.905;0.5;1;1.5;3.1;0.4;0.3;1.1;1.9;10.5
385;Gary Payton II;SG;31;GSW;30;0;15.5;2.3;4.3;0.523;0.5;1.4;0.333;1.8;2.9;0.614;0.577;0.3;0.5;0.643;1.2;1.7;2.9;1;1;0.3;0.6;1.6;5.3
386;Drew Peterson;PF;24;BOS;1;0;3;1;1;1;1;1;1;0;0;0;1.5;0;0;0;0;0;0;1;0;0;0;1;3
387;Filip Petruev;C;23;TOT;3;0;3.3;0.3;0.7;0.5;0;0;0;0.3;0.7;0.5;0.5;0.3;0.7;0.5;0;0.3;0.3;0;0;0;0;0.3;1
387;Filip Petruev;C;23;PHI;1;0;3;0;0;0;0;0;0;0;0;0;0;0;0;0;0;1;1;0;0;0;0;0;0
387;Filip Petruev;C;23;SAC;2;0;3.5;0.5;1;0.5;0;0;0;0.5;1;0.5;0.5;0.5;1;0.5;0;0;0;0;0;0;0;0.5;1.5
388;Julian Phillips;SF;20;CHI;40;0;8.1;0.8;1.9;0.416;0.3;1;0.316;0.5;1;0.513;0.494;0.3;0.5;0.684;0.3;0.6;0.9;0.3;0.2;0.2;0.3;1;2.2
389;Jalen Pickett;SG;24;DEN;21;0;5.1;0.6;1.4;0.4;0.3;1;0.318;0.2;0.4;0.625;0.517;0.1;0.2;0.75;0;0.5;0.5;0.7;0.1;0;0.4;0.5;1.6
390;Scotty Pippen Jr.;PG;23;MEM;9;5;23.1;3.6;7.4;0.478;1.4;2.8;0.52;2.1;4.7;0.452;0.575;1.8;2.6;0.696;1;2.4;3.4;5.1;1.1;0.6;2;2.6;10.3
391;Mason Plumlee;C;33;LAC;32;9;15.5;2.1;3.3;0.632;0;0;0;2.1;3.3;0.638;0.632;1.5;2.3;0.671;1.3;4;5.4;1.2;0.3;0.4;0.8;1.5;5.7
392;Brandin Podziemski;SG;20;GSW;57;22;27;3.8;8.5;0.449;1.3;3.4;0.378;2.5;5.1;0.495;0.524;0.8;1.3;0.616;1.5;4.2;5.8;4;0.9;0.2;1.3;1.7;9.7
393;Jakob Poeltl;C;28;TOR;50;50;26.4;5;7.6;0.656;0;0;0;5;7.6;0.656;0.656;1.2;2.1;0.551;2.9;5.7;8.6;2.5;0.7;1.5;1.5;3;11.1
394;Aleksej Pokusevski;PF;22;TOT;14;0;8.6;0.9;2.6;0.361;0.3;1.3;0.222;0.6;1.3;0.5;0.417;0.3;0.4;0.667;0.4;1.2;1.6;0.9;0.3;0.4;0.5;0.6;2.4
394;Aleksej Pokusevski;PF;22;OKC;10;0;6;0.4;1.6;0.25;0.2;1.1;0.182;0.2;0.5;0.4;0.313;0.2;0.4;0.5;0.2;0.8;1;0.5;0.1;0.1;0.3;0.5;1.2
394;Aleksej Pokusevski;PF;22;CHO;4;0;15.3;2.3;5;0.45;0.5;1.8;0.286;1.8;3.3;0.538;0.5;0.5;0.5;1;1;2.3;3.3;2;0.8;1.3;1;0.8;5.5
395;Jordan Poole;SG;24;WAS;64;52;29.3;6;14.6;0.407;2.2;6.9;0.319;3.8;7.7;0.487;0.483;2.4;2.8;0.862;0.4;2.2;2.6;3.8;1.1;0.4;2.3;3.3;16.5
396;Craig Porter Jr.;PG;23;CLE;42;5;13.6;2.5;4.9;0.515;0.3;0.7;0.379;2.3;4.2;0.537;0.541;0.9;1.2;0.725;0.5;1.9;2.3;2.5;0.5;0.3;1;0.9;6.2
397;Jontay Porter;PF;24;TOR;23;5;13.7;1.6;4.1;0.379;0.8;2.4;0.339;0.7;1.7;0.436;0.479;0.6;0.7;0.813;0.8;2.2;3;2.1;0.7;0.8;0.7;1.5;4.5
398;Michael Porter Jr.;SF;25;DEN;66;66;31.6;6.4;13.3;0.486;2.8;6.9;0.399;3.7;6.3;0.58;0.59;1;1.3;0.819;1.3;5.7;7;1.5;0.5;0.7;1.1;1.9;16.7
399;Otto Porter Jr.;SF;30;TOR;15;1;11.6;0.9;2.2;0.424;0.5;1.5;0.348;0.4;0.7;0.6;0.545;0.2;0.2;1;0.4;1.5;1.9;0.5;0.3;0.3;0.1;1.3;2.6
400;Bobby Portis;PF;28;MIL;67;1;24;5.3;10.7;0.5;1.1;3;0.378;4.2;7.7;0.548;0.553;1.3;1.7;0.793;1.6;5.5;7;1.2;0.7;0.4;1;2.3;13.1
401;Kristaps Porzi??is;C;28;BOS;46;46;29.8;6.8;13.2;0.52;2;5.2;0.375;4.9;8;0.615;0.594;4.8;5.6;0.859;1.6;5.4;7;2;0.6;1.8;1.6;2.7;20.4
402;Micah Potter;PF;25;UTA;4;0;8.5;1.8;2;0.875;1;1.3;0.8;0.8;0.8;1;1.125;0.3;0.3;1;0.3;1.8;2;0.3;0;0;0;0.5;4.8
403;Dwight Powell;C;32;DAL;54;8;14;1.3;1.8;0.694;0;0;0.5;1.2;1.8;0.698;0.699;1.1;1.6;0.726;1.6;1.9;3.4;1.4;0.4;0.4;0.5;1.9;3.7
404;Norman Powell;SG;30;LAC;65;1;26;4.9;10.1;0.489;2.2;5.1;0.435;2.7;5;0.543;0.598;1.8;2.2;0.826;0.2;2.4;2.6;1.1;0.6;0.3;0.9;1.9;13.9
405;Jason Preston;PG;24;UTA;2;0;7;0.5;1.5;0.333;0;0;0;0.5;1.5;0.333;0.333;0;0;0;1;0.5;1.5;1;0;0;1;0.5;1
406;Joshua Primo;SG;21;LAC;2;0;5;0.5;1.5;0.333;0;0.5;0;0.5;1;0.5;0.333;0;0;0;0.5;0;0.5;0;0;0.5;2;0;1
407;Taurean Prince;PF;29;LAL;64;49;28.3;3.3;7.5;0.44;1.9;4.8;0.389;1.4;2.7;0.529;0.564;0.6;0.9;0.727;0.2;2.7;3;1.6;0.8;0.5;0.9;2;9.1
408;Payton Pritchard;PG;26;BOS;66;1;20.5;2.9;6.6;0.438;1.7;4.4;0.377;1.3;2.3;0.557;0.563;0.5;0.6;0.821;0.8;2.3;3.2;2.7;0.4;0.1;0.7;1.2;8
409;Olivier-Maxence Prosper;PF;21;DAL;33;0;7.9;0.8;2.2;0.351;0.2;1;0.235;0.5;1.2;0.45;0.405;0.7;1;0.676;0.5;1.3;1.9;0.6;0.2;0.1;0.2;0.5;2.5
410;Trevelin Queen;SG;26;ORL;13;0;12.5;1.1;2.9;0.368;0.2;1.3;0.176;0.8;1.6;0.524;0.408;0.7;0.9;0.75;0.2;1.2;1.5;1.4;0.5;0.4;0.5;1.2;3.1
411;Neemias Queta;C;24;BOS;24;0;11.9;2;3.4;0.605;0;0;0;2;3.4;0.605;0.605;0.7;0.9;0.727;1.9;2.4;4.3;0.5;0.4;0.6;0.4;1.9;4.8
412;Immanuel Quickley;PG-SG;24;TOT;61;31;28.9;5.6;12.9;0.435;2.5;6.2;0.403;3.1;6.7;0.466;0.532;2.7;3.3;0.83;0.2;3.4;3.6;4.6;0.7;0.1;1.3;1.7;16.5
412;Immanuel Quickley;SG;24;NYK;30;0;24;5.1;11.2;0.454;2.1;5.4;0.395;2.9;5.8;0.509;0.549;2.7;3.1;0.872;0.2;2.4;2.6;2.5;0.5;0.1;1;1.5;15
412;Immanuel Quickley;PG;24;TOR;31;31;33.6;6.2;14.6;0.422;2.9;7;0.408;3.3;7.6;0.434;0.52;2.7;3.4;0.792;0.3;4.3;4.6;6.7;0.9;0.2;1.6;1.8;17.9
413;Lester Quinones;SG;23;GSW;30;0;11.9;1.6;4;0.395;0.9;2.4;0.356;0.7;1.5;0.457;0.504;0.6;0.8;0.68;0.7;1.6;2.2;1;0.2;0.1;0.5;1.4;4.6
414;Jahmi'us Ramsey;SG;22;TOR;3;0;14.3;1.7;5;0.333;0.3;2.3;0.143;1.3;2.7;0.5;0.367;1.7;2;0.833;1;3.7;4.7;0.7;0.7;0;0;1;5.3
415;Julius Randle;PF;29;NYK;46;46;35.4;8.6;18.2;0.472;1.7;5.3;0.311;6.9;12.9;0.539;0.518;5.1;6.6;0.781;2.2;7;9.2;5;0.5;0.3;3.5;2.7;24
416;Duop Reath;C;27;POR;52;16;17.8;3.4;7.2;0.47;1.3;3.6;0.376;2;3.6;0.565;0.565;1;1.4;0.707;1.5;2.2;3.7;1;0.5;0.6;0.8;2.5;9.1
417;Austin Reaves;SG;25;LAL;67;42;31.7;5.6;11.3;0.497;1.9;4.9;0.385;3.7;6.4;0.583;0.58;2.8;3.3;0.858;0.6;3.5;4.1;5.5;0.9;0.2;2.1;1.8;16
418;Cam Reddish;SF;24;LAL;40;26;22.2;2.2;5.4;0.406;0.9;2.6;0.343;1.3;2.9;0.461;0.486;0.9;1.2;0.771;0.6;1.7;2.3;1.2;1.1;0.3;0.8;1.5;6.2
419;Paul Reed;C;24;PHI;66;23;19;3.1;5.7;0.545;0.3;0.7;0.404;2.8;5;0.565;0.57;0.6;0.9;0.719;2.3;3.5;5.8;1.3;0.7;1;0.7;2.5;7.2
420;Naz Reid;C;24;MIN;66;1;23.5;4.7;9.8;0.483;2;4.7;0.415;2.8;5.1;0.546;0.583;1.3;1.7;0.757;1;3.9;4.9;1.2;0.7;0.9;1.2;2.1;12.7
421;Jared Rhoden;SG;24;DET;6;0;7;1;1.8;0.545;0.2;0.7;0.25;0.8;1.2;0.714;0.591;0.3;0.3;1;0.2;0.7;0.8;0.7;0;0.3;0.5;0.7;2.5
422;Nick Richards;C;26;CHO;57;44;26.5;3.9;5.7;0.684;0;0;0;3.9;5.6;0.686;0.684;2;2.8;0.72;2.7;5.5;8.2;0.8;0.4;1.2;1.1;2.7;9.8
423;Josh Richardson;SG;30;MIA;43;6;25.7;3.6;8.1;0.444;1.5;4.4;0.347;2;3.7;0.561;0.539;1.2;1.3;0.944;0.4;2.4;2.8;2.4;0.6;0.3;0.8;1.8;9.9
424;Duncan Robinson;SF;29;MIA;61;29;28.5;4.7;10.3;0.455;2.9;7.1;0.401;1.8;3.2;0.575;0.593;1.2;1.4;0.892;0.2;2.3;2.5;3;0.7;0.2;1.4;2.3;13.4
425;Jerome Robinson;SG;26;GSW;17;0;3.8;0.5;1.5;0.32;0.1;0.8;0.143;0.4;0.6;0.545;0.36;0.4;0.6;0.6;0.1;0.2;0.3;0.3;0;0.2;0.1;0.2;1.4
426;Mitchell Robinson;C;25;NYK;21;21;29.2;2.8;4.7;0.592;0;0;0;2.8;4.7;0.592;0.592;0.7;1.8;0.368;5.3;5;10.3;0.7;1.5;1.3;1;1.9;6.2
427;Orlando Robinson;C;23;MIA;28;7;9.9;1.2;2.4;0.493;0.3;0.5;0.5;0.9;1.9;0.491;0.545;0.6;0.9;0.75;0.9;2;2.8;1;0.3;0.3;0.6;1.3;3.3
428;Jeremiah Robinson-Earl;PF;23;NOP;28;1;9.5;1.3;2.5;0.493;0.4;1.1;0.4;0.8;1.5;0.561;0.577;0.4;0.5;0.8;0.6;1.5;2.1;0.5;0.3;0.1;0.4;0.6;3.4
429;David Roddy;PF;22;TOT;58;13;19.9;2.8;6.9;0.404;0.8;2.8;0.294;2;4.1;0.479;0.464;0.8;1.2;0.691;0.9;2.6;3.5;1.3;0.4;0.2;1;1.2;7.2
429;David Roddy;PF;22;MEM;48;13;23.2;3.2;8;0.402;1;3.3;0.301;2.3;4.8;0.47;0.462;1;1.4;0.687;1.1;3.1;4.2;1.6;0.5;0.2;1.1;1.4;8.4
429;David Roddy;PF;22;PHO;10;0;4.1;0.7;1.5;0.467;0.1;0.7;0.143;0.6;0.8;0.75;0.5;0.1;0.1;1;0.1;0.4;0.5;0;0;0;0.3;0.2;1.6
430;Ryan Rollins;PG;21;WAS;10;0;6.6;1.3;2.5;0.52;0.2;0.3;0.667;1.1;2.2;0.5;0.56;1.3;1.7;0.765;0.2;0.9;1.1;1.1;0.8;0.3;0.7;0.7;4.1
431;Derrick Rose;PG;35;MEM;24;7;16.6;3.2;6.9;0.461;0.6;1.7;0.366;2.5;5.2;0.492;0.506;1;1.1;0.889;0.3;1.6;1.9;3.3;0.3;0.1;1.3;0.9;8
432;Terry Rozier;SG-PG;29;TOT;49;48;34;7.3;16.5;0.444;2.2;6.6;0.334;5.1;9.9;0.517;0.511;3.2;3.7;0.862;0.6;3.5;4.1;6.1;1;0.3;1.9;1.8;20
432;Terry Rozier;SG;29;CHO;30;30;35.5;8.4;18.3;0.459;2.8;7.7;0.358;5.6;10.6;0.533;0.535;3.6;4.3;0.845;0.6;3.3;3.9;6.6;1.1;0.4;2.2;1.7;23.2
432;Terry Rozier;PG;29;MIA;19;18;31.7;5.6;13.6;0.411;1.3;4.8;0.275;4.3;8.8;0.485;0.459;2.5;2.7;0.904;0.7;3.7;4.5;5.4;0.9;0.3;1.4;1.8;14.9
433;Rayan Rupert;SG;19;POR;23;0;9.2;1;2.8;0.359;0.5;1.3;0.414;0.5;1.5;0.314;0.453;0.3;0.4;0.7;0.6;1;1.6;0.9;0.2;0;0.5;0.8;2.8
434;D'Angelo Russell;PG;27;LAL;62;55;32;6.5;14;0.468;2.8;6.6;0.422;3.7;7.3;0.51;0.569;2;2.5;0.797;0.4;2.5;3;6.2;0.8;0.5;2;2.1;17.8
435;Matt Ryan;SF;26;NOP;20;1;17.7;2.4;5.2;0.452;2;4.3;0.471;0.4;1;0.368;0.644;0.7;0.7;0.929;0.3;1.7;2;0.8;0.3;0.1;0.9;1.5;7.4
436;Domantas Sabonis;C;27;SAC;65;65;35.8;8.1;13.2;0.615;0.4;1.1;0.414;7.7;12.2;0.633;0.632;3.3;4.8;0.7;3.5;10.1;13.6;8.4;0.9;0.6;3.3;3.1;20.1
437;Luka amani?;PF;24;UTA;33;3;7.2;1.1;2.9;0.368;0.3;1.2;0.25;0.8;1.7;0.455;0.421;0.7;0.8;0.852;0.4;1.6;1.9;0.3;0.1;0.2;0.5;0.7;3.1
438;Jermaine Samuels;SF;25;HOU;11;0;4.8;0.7;1;0.727;0;0.2;0;0.7;0.8;0.889;0.727;0.2;0.2;1;0.2;0.8;1;0.2;0.1;0.1;0;0.4;1.6
439;Adama Sanogo;PF;21;CHI;3;0;3.7;1;1;1;0;0;0;1;1;1;1;0.7;1;0.667;0.7;1.3;2;0;0;0;0.3;0;2.7
440;Gui Santos;PF;21;GSW;17;0;8.6;1.1;2.3;0.487;0.4;1.1;0.389;0.7;1.2;0.571;0.577;0.8;0.9;0.933;0.9;1.7;2.6;0.6;0.2;0.1;0.4;1;3.5
441;Dario ari?;C;29;GSW;61;9;17.6;2.9;6.2;0.465;1.2;3.2;0.376;1.7;3.1;0.556;0.56;1.2;1.5;0.854;1.2;3.4;4.5;2.3;0.5;0.1;1.2;1.8;8.2
442;Olivier Sarr;C;24;OKC;14;0;6.8;0.8;1.4;0.579;0.1;0.4;0.333;0.6;0.9;0.692;0.632;0.7;1.1;0.667;0.7;1.8;2.5;0.1;0;0.5;0.2;1.3;2.4
443;Marcus Sasser;PG;23;DET;57;0;16.5;2.8;6.2;0.448;1.2;2.9;0.393;1.6;3.3;0.497;0.541;0.6;0.8;0.86;0.1;1.5;1.6;3;0.6;0.1;1.1;1.5;7.4
444;Admiral Schofield;PF;26;ORL;17;0;3.4;0.4;1;0.353;0.2;0.6;0.273;0.2;0.4;0.5;0.441;0;0.1;0;0.1;0.5;0.6;0.3;0;0;0.2;0.4;0.9
445;Dennis Schröder;PG;30;TOT;66;44;30.5;5;11.1;0.447;1.7;4.4;0.382;3.3;6.7;0.49;0.523;2.2;2.7;0.821;0.4;2.3;2.7;6;0.8;0.2;1.8;2;13.9
445;Dennis Schröder;PG;30;TOR;51;33;30.6;4.8;11;0.442;1.5;4.3;0.35;3.3;6.6;0.501;0.511;2.5;2.9;0.852;0.4;2.3;2.7;6.1;0.9;0.2;1.6;2.1;13.7
445;Dennis Schröder;PG;30;BRK;15;11;30.1;5.4;11.7;0.463;2.3;4.9;0.479;3.1;6.8;0.451;0.563;1.3;2;0.667;0.3;2.4;2.7;5.7;0.5;0.2;2.5;1.9;14.5
446;Dereon Seabron;SG;23;NOP;6;0;9.2;0.7;2.2;0.308;0.2;0.3;0.5;0.5;1.8;0.273;0.346;0.8;1;0.833;0.2;1;1.2;0.8;0.3;0.2;0;0.7;2.3
447;Alperen Sengun;C;21;HOU;63;63;32.5;8.4;15.6;0.537;0.5;1.8;0.297;7.8;13.8;0.567;0.553;3.9;5.6;0.693;2.9;6.4;9.3;5;1.2;0.7;2.6;3.3;21.1
448;Brice Sensabaugh;SF;20;UTA;16;4;13.9;2.1;4.5;0.458;0.6;2.2;0.286;1.4;2.3;0.622;0.528;0.8;0.8;0.923;0.3;1.8;2.1;1;0.3;0;1.1;1.1;5.5
449;Collin Sexton;SG;25;UTA;66;43;25.6;6.2;12.8;0.486;1.7;4.2;0.404;4.5;8.6;0.525;0.552;4.1;4.8;0.861;0.9;1.7;2.6;4.7;0.8;0.2;2;2;18.2
450;Landry Shamet;SG;26;WAS;46;5;15.8;2.6;6;0.431;1.2;3.4;0.338;1.4;2.5;0.556;0.527;0.8;1;0.826;0.3;1;1.3;1.2;0.5;0.2;0.7;1.7;7.1
451;Day'Ron Sharpe;C;22;BRK;49;1;15.5;2.8;4.8;0.582;0.1;0.2;0.333;2.7;4.6;0.596;0.591;1.4;2.2;0.618;2.6;3.9;6.5;1.5;0.4;0.7;1;2.2;7.1
452;Shaedon Sharpe;SG;20;POR;32;25;33.1;5.5;13.6;0.406;1.9;5.6;0.333;3.6;7.9;0.457;0.475;3.1;3.7;0.824;1.3;3.7;5;2.9;0.9;0.4;2.3;2.8;15.9
453;Ben Sheppard;SG;22;IND;42;0;12.3;1.4;3.5;0.407;0.8;2.4;0.34;0.6;1.1;0.556;0.524;0.4;0.5;0.842;0.2;1.3;1.5;0.7;0.5;0;0.2;1.5;4
454;Pascal Siakam;PF;29;TOT;65;65;34;8.3;15.6;0.533;1.1;3.4;0.338;7.2;12.3;0.586;0.569;3.6;4.9;0.74;1.6;5.1;6.7;4.6;0.8;0.3;1.8;2.4;21.4
454;Pascal Siakam;PF;29;TOR;39;39;34.7;8.3;16;0.522;1.2;3.7;0.317;7.2;12.3;0.584;0.559;4.3;5.7;0.758;1.4;4.9;6.3;4.9;0.8;0.3;2.1;2.2;22.2
454;Pascal Siakam;PF;29;IND;26;26;32.8;8.3;15.2;0.551;1.1;2.8;0.378;7.3;12.3;0.591;0.586;2.6;3.7;0.698;1.9;5.3;7.2;4.2;0.8;0.4;1.4;2.6;20.3
455;Ben Simmons;PG;27;BRK;15;12;23.9;2.9;4.9;0.581;0;0;0;2.9;4.9;0.581;0.581;0.4;1;0.4;2.1;5.9;7.9;5.7;0.8;0.6;1.8;2.4;6.1
456;Anfernee Simons;SG;24;POR;42;42;34.7;8;18.5;0.429;3.4;8.9;0.387;4.5;9.7;0.468;0.522;3.7;4;0.917;0.5;3.2;3.7;5.5;0.5;0.1;2.8;2.2;23
457;Jericho Sims;C;25;NYK;38;10;13.6;1;1.3;0.745;0;0;0;1;1.3;0.745;0.745;0.3;0.5;0.65;1.3;2.1;3.4;0.6;0.2;0.4;0.3;0.9;2.3
458;Dmytro Skapintsev;C;25;NYK;2;0;1;0;0.5;0;0;0;0;0;0.5;0;0;0;0;0;0;0;0;0;0;0;0;0;0
459;Jalen Slawson;SF;24;SAC;6;0;3.3;0.3;0.5;0.667;0;0.2;0;0.3;0.3;1;0.667;0;0;0;0;0.8;0.8;0.3;0;0.2;0.3;0.7;0.7
460;Javonte Smart;PG;24;PHI;1;0;1;0;0;0;0;0;0;0;0;0;0;0;0;0;0;0;0;0;0;0;0;0;0
461;Marcus Smart;PG;29;MEM;20;20;30.3;5.1;11.9;0.43;2.1;6.7;0.313;3;5.2;0.583;0.519;2.2;2.8;0.768;0.3;2.4;2.7;4.3;2.1;0.3;3.1;2.7;14.5
462;Dennis Smith Jr.;PG;26;BRK;50;2;19.7;2.7;6.4;0.431;0.6;2;0.284;2.2;4.3;0.5;0.476;0.8;1.1;0.75;1;2.2;3.2;3.7;1.2;0.2;1.2;2.3;6.9
463;Dru Smith;SG;26;MIA;9;0;14.6;1.7;3.7;0.455;0.8;1.9;0.412;0.9;1.8;0.5;0.561;0.2;0.2;1;0.7;0.9;1.6;1.6;1;0.3;0.6;1.3;4.3
464;Ish Smith;PG;35;CHO;43;5;17.2;1.5;3.7;0.418;0.1;0.2;0.5;1.4;3.5;0.413;0.43;0.1;0.1;0.75;0.3;1.5;1.8;3.4;0.4;0.1;1.1;1.1;3.2
465;Jabari Smith Jr.;PF;20;HOU;61;61;32;4.9;10.8;0.45;1.7;4.8;0.36;3.1;6;0.522;0.53;2;2.4;0.821;2;6.6;8.5;1.5;0.8;0.7;1.2;2.7;13.4
466;Jalen Smith;C;23;IND;47;13;17.7;4;6.6;0.617;1.1;2.4;0.442;3;4.1;0.718;0.698;1.2;1.8;0.69;1.6;3.9;5.6;1.1;0.2;0.6;0.8;2.1;10.4
467;Nick Smith Jr.;SG;19;CHO;41;0;15.2;2.2;5.7;0.393;1.2;2.9;0.429;1;2.8;0.357;0.502;0.3;0.3;0.846;0.4;1;1.4;1.2;0.2;0.2;0.8;1.3;6
468;Terquavion Smith;PG;21;PHI;12;0;5.8;1.3;3.3;0.4;1;2.6;0.387;0.3;0.8;0.444;0.55;0.2;0.3;0.667;0;0.2;0.2;0.8;0.6;0;0.3;0.3;3.8
469;Jeremy Sochan;PF;20;SAS;67;66;29.6;4.6;10.4;0.446;1;2.9;0.33;3.7;7.5;0.491;0.492;1.5;1.9;0.775;1.8;4.4;6.2;3.4;0.8;0.5;1.9;2.4;11.7
470;Pat Spencer;PG;27;GSW;2;0;1.5;0;0;0;0;0;0;0;0;0;0;0;0;0;0;0;0;0.5;0;0;0;0;0
471;Jaden Springer;SG-PG;21;TOT;40;1;10;1.2;3.2;0.381;0.2;1;0.205;1;2.2;0.46;0.413;0.7;0.9;0.824;0.7;0.9;1.6;0.9;0.7;0.3;0.7;1.3;3.3
471;Jaden Springer;SG;21;PHI;32;1;11.8;1.4;3.7;0.39;0.3;1.2;0.216;1.2;2.5;0.469;0.424;0.9;1.1;0.824;0.8;1;1.8;1.1;0.8;0.3;0.8;1.5;4
471;Jaden Springer;PG;21;BOS;8;0;2.8;0.3;1;0.25;0;0.3;0;0.3;0.8;0.333;0.25;0;0;0;0.4;0.1;0.5;0.1;0.1;0;0.1;0.4;0.5
472;Lamar Stevens;PF;26;TOT;31;2;12.3;2.5;5.2;0.475;0.3;0.8;0.4;2.1;4.4;0.489;0.506;0.8;1.1;0.743;0.8;2.1;2.9;0.5;0.4;0.5;0.7;1.2;6.1
472;Lamar Stevens;PF;26;BOS;19;1;6.4;1.1;2.4;0.467;0.2;0.4;0.375;0.9;1.9;0.486;0.5;0.4;0.6;0.727;0.6;1;1.6;0.4;0.3;0.3;0.5;0.7;2.8
472;Lamar Stevens;PF;26;MEM;12;1;21.7;4.6;9.6;0.478;0.6;1.4;0.412;4;8.2;0.49;0.509;1.5;2;0.75;1.2;3.8;4.9;0.7;0.6;0.9;1.2;1.8;11.3
473;Isaiah Stewart;PF;22;DET;44;43;31.1;4.1;8.4;0.484;1.5;3.8;0.381;2.6;4.6;0.569;0.57;1.5;1.9;0.753;1.6;5;6.7;1.6;0.4;0.8;1.5;2.3;11
474;Julian Strawther;SF;21;DEN;41;0;12.1;1.8;4.9;0.375;0.9;3;0.304;0.9;1.8;0.493;0.47;0.4;0.6;0.72;0.1;1.2;1.3;1;0.4;0.2;0.4;1.2;5
475;Max Strus;SF;27;CLE;60;60;32.2;4.4;10.6;0.412;2.4;7.1;0.34;2;3.6;0.553;0.525;1;1.3;0.785;0.9;3.9;4.7;3.8;0.9;0.5;1.5;2.6;12.2
476;Jalen Suggs;SG;22;ORL;60;60;26.7;4.4;9.6;0.463;2.1;5.3;0.397;2.3;4.3;0.543;0.572;1.4;1.8;0.752;0.7;2.6;3.2;2.6;1.4;0.6;1.9;2.8;12.3
477;Cole Swider;SF;24;MIA;11;0;5;0.8;2.3;0.36;0.5;1.7;0.263;0.4;0.5;0.667;0.46;0.2;0.2;1;0.1;0.3;0.4;0.4;0.1;0.1;0.5;0.2;2.3
478;Jae'Sean Tate;SF;28;HOU;56;9;16.8;1.7;3.6;0.466;0.4;1.2;0.304;1.3;2.4;0.548;0.517;0.4;0.6;0.667;1;2.3;3.2;1;0.7;0.2;0.5;2.2;4.2
479;Jayson Tatum;PF;25;BOS;63;63;35.8;9.2;19.4;0.474;3.1;8.3;0.376;6.1;11.1;0.547;0.555;5.5;6.6;0.829;0.9;7.4;8.3;4.9;1;0.6;2.5;2;27
480;Terry Taylor;PF;24;CHI;26;0;6.6;0.7;1.4;0.5;0.1;0.3;0.222;0.6;1;0.593;0.528;0.1;0.1;0.667;0.6;0.7;1.3;0.3;0.2;0.1;0.3;0.6;1.5
481;Garrett Temple;SG;37;TOR;16;0;4.3;0.5;1.3;0.381;0.1;0.6;0.222;0.4;0.8;0.5;0.429;0.3;0.4;0.833;0.3;0.4;0.7;0.4;0.2;0;0.3;0.4;1.4
482;Dalen Terry;SG;21;CHI;44;1;9.8;0.8;2.1;0.398;0.3;1.1;0.224;0.6;1;0.591;0.457;0.4;0.7;0.633;0.4;1.2;1.6;1.2;0.4;0.2;0.5;1.2;2.4
483;Daniel Theis;C;31;TOT;51;3;16.9;2.6;4.8;0.53;0.4;1.1;0.357;2.2;3.7;0.581;0.571;0.6;0.9;0.727;1.4;2.5;3.9;1;0.4;0.8;0.7;2.2;6.2
483;Daniel Theis;C;31;IND;1;0;8;1;4;0.25;0;1;0;1;3;0.333;0.25;0;0;0;0;0;0;0;0;0;0;1;2
483;Daniel Theis;C;31;LAC;50;3;17.1;2.6;4.9;0.535;0.4;1.1;0.364;2.2;3.8;0.585;0.576;0.6;0.9;0.727;1.5;2.5;4;1;0.4;0.9;0.7;2.2;6.2
484;Cam Thomas;SG;22;BRK;51;36;30;7.7;17.5;0.44;2.1;5.6;0.372;5.6;11.8;0.473;0.501;3.8;4.5;0.832;0.4;2.6;3;2.7;0.7;0.2;1.8;2.1;21.3
485;Amen Thompson;SF;21;HOU;47;8;19.9;3.3;6.3;0.52;0.2;1.1;0.157;3.1;5.3;0.595;0.534;1.4;2.1;0.66;1.8;3.9;5.7;2.3;1.2;0.7;1.4;2.3;8.1
486;Ausar Thompson;SF;21;DET;63;38;25.1;3.7;7.6;0.483;0.3;1.8;0.186;3.3;5.8;0.575;0.505;1.1;1.9;0.597;2;4.3;6.4;1.9;1.1;0.9;1.3;2.8;8.8
487;Klay Thompson;SF;33;GSW;62;53;29.6;6;14.4;0.419;3.3;8.7;0.38;2.7;5.7;0.479;0.534;1.7;1.8;0.912;0.5;2.9;3.4;2.1;0.6;0.5;1.5;1.7;17
488;Tristan Thompson;C;32;CLE;36;0;12.4;1.7;2.6;0.649;0;0;0;1.7;2.6;0.656;0.649;0.4;1.2;0.31;1.6;2.3;3.9;1.1;0.2;0.3;0.6;1.4;3.8
489;JT Thor;PF;21;CHO;51;1;12.4;1.1;3;0.377;0.4;1.3;0.328;0.7;1.6;0.417;0.45;0.1;0.3;0.538;0.8;1.5;2.3;0.4;0.2;0.4;0.3;0.9;2.8
490;Matisse Thybulle;SF;26;POR;63;19;23.4;2;5;0.401;1.3;3.6;0.351;0.7;1.4;0.535;0.529;0.3;0.5;0.759;0.5;1.7;2.1;1.4;1.8;0.8;0.6;1.5;5.6
491;Xavier Tillman Sr.;C-PF;25;TOT;40;13;19.8;2.5;5.8;0.427;0.4;1.5;0.25;2.1;4.3;0.488;0.459;0.5;1.1;0.444;1.6;2.9;4.5;1.6;1.1;1;0.7;1.7;5.8
491;Xavier Tillman Sr.;C;25;MEM;34;13;20.6;2.6;6.3;0.408;0.4;1.6;0.226;2.2;4.7;0.469;0.437;0.5;1.3;0.419;1.6;3;4.6;1.7;1.2;1;0.9;1.8;6
491;Xavier Tillman Sr.;PF;25;BOS;6;0;15.5;2;3.2;0.632;0.5;1.2;0.429;1.5;2;0.75;0.711;0.3;0.3;1;1;2.5;3.5;0.8;0.3;0.5;0;1;4.8
492;Jacob Toppin;SF;23;NYK;9;0;4.2;0.6;1;0.556;0.1;0.4;0.25;0.4;0.6;0.8;0.611;0.2;0.2;1;0.3;0.4;0.8;0.3;0;0.1;0.1;0.3;1.4
493;Obi Toppin;PF;25;IND;67;28;21.8;4;7.2;0.563;1.2;3.1;0.393;2.8;4.1;0.691;0.648;1;1.3;0.747;1;2.9;3.9;1.5;0.5;0.5;0.9;1.8;10.3
494;Juan Toscano-Anderson;SF;30;SAC;11;0;4.8;0.3;1.1;0.25;0.1;0.4;0.25;0.2;0.7;0.25;0.292;0;0;0;0.4;0.9;1.3;0.4;0.1;0.1;0.2;1;0.6
495;Karl-Anthony Towns;PF;28;MIN;60;60;32.8;7.9;15.5;0.506;2.2;5.3;0.423;5.6;10.3;0.55;0.578;4.2;4.8;0.874;1.5;6.9;8.4;3;0.7;0.7;2.8;3.3;22.1
496;Gary Trent Jr.;SG;25;TOR;60;30;27.4;4.7;11;0.424;2.5;6.2;0.409;2.1;4.8;0.444;0.539;0.8;1.1;0.712;0.3;2.2;2.5;1.5;1;0.2;0.7;1.3;12.7
497;Oscar Tshiebwe;PF;24;IND;8;0;5.3;1.3;2.5;0.5;0;0;0;1.3;2.5;0.5;0.5;0.8;1;0.75;1;1;2;0.3;0.3;0.1;0;0.4;3.3
498;P.J. Tucker;PF;38;TOT;20;4;16;0.6;1.6;0.344;0.4;1.3;0.32;0.2;0.4;0.429;0.469;0.2;0.2;1;1.1;1.8;2.8;0.5;0.5;0.4;0.4;2;1.7
498;P.J. Tucker;PF;38;PHI;3;3;22;0.7;1.7;0.4;0.7;1.7;0.4;0;0;0;0.6;0;0;0;0.3;4.3;4.7;0;1;0.7;0.7;3;2
498;P.J. Tucker;PF;38;LAC;17;1;14.9;0.5;1.6;0.333;0.4;1.2;0.3;0.2;0.4;0.429;0.444;0.2;0.2;1;1.2;1.3;2.5;0.6;0.4;0.3;0.3;1.8;1.6
499;Myles Turner;C;27;IND;63;63;27.4;6.3;12;0.525;1.4;4.1;0.345;4.9;7.9;0.618;0.583;3.4;4.3;0.779;1.6;5.5;7;1.3;0.5;1.8;1.5;3.1;17.3
500;Hunter Tyson;PF;23;DEN;11;0;2.9;0.3;1;0.273;0.2;0.8;0.222;0.1;0.2;0.5;0.364;0;0;0;0.1;0.7;0.8;0.1;0;0;0.2;0.6;0.7
501;Stanley Umude;SG;24;DET;21;0;11;1.3;3.1;0.424;1;2;0.488;0.4;1.2;0.32;0.576;1.1;1.2;0.923;0.3;1.7;2;0.4;0.4;0.3;0.6;1.6;4.8
502;Jonas Valan?i?nas;C;31;NOP;66;66;24.7;5.1;9.2;0.558;0.5;1.5;0.353;4.6;7.6;0.599;0.587;2.1;2.6;0.805;2.5;6.9;9.4;2.2;0.4;1;1.4;2.8;12.9
503;Jarred Vanderbilt;PF;24;LAL;29;6;20;2;3.9;0.518;0.3;0.9;0.296;1.8;3;0.586;0.553;0.8;1.2;0.667;1.4;3.3;4.8;1.2;1.2;0.2;1;1.5;5.2
504;Fred VanVleet;PG;29;HOU;59;59;36.8;5.6;13.5;0.416;3;7.8;0.383;2.6;5.6;0.461;0.527;2.7;3.2;0.866;0.4;3.4;3.8;8;1.2;0.8;1.8;2.3;16.9
505;Devin Vassell;SG;23;SAS;61;55;32.6;7.1;15.2;0.469;2.5;6.6;0.384;4.6;8.6;0.533;0.552;2.4;3.1;0.791;0.4;3.4;3.9;3.9;1;0.4;1.6;1;19.2
506;Sasha Vezenkov;PF;28;SAC;35;0;12.6;2.1;4.7;0.448;1.1;2.9;0.38;1;1.9;0.554;0.564;0.3;0.4;0.769;0.9;1.6;2.5;0.4;0.5;0.2;0.3;1;5.6
507;Gabe Vincent;PG;27;LAL;5;0;25.4;2.4;6.4;0.375;0.4;3.4;0.118;2;3;0.667;0.406;0.2;0.4;0.5;0.4;0.6;1;3;1.2;0;0.4;2.4;5.4
508;Nikola Vu?evi?;C;33;CHI;62;60;34.5;7.7;16.3;0.476;1.2;4.2;0.284;6.5;12;0.544;0.513;1.3;1.5;0.844;2.8;7.8;10.6;3.3;0.7;0.8;1.6;2.6;18
509;Dean Wade;PF;27;CLE;54;32;20.5;1.8;4.3;0.414;1.5;3.7;0.391;0.3;0.6;0.567;0.584;0.4;0.5;0.769;0.7;3.4;4;0.8;0.7;0.5;0.4;1.7;5.4
510;Franz Wagner;SF;22;ORL;59;59;32.9;7.5;15.6;0.477;1.4;4.8;0.294;6;10.8;0.56;0.523;3.7;4.4;0.844;1;4.5;5.5;3.9;1.1;0.4;2.1;2.3;20
511;Moritz Wagner;C;26;ORL;65;1;18.1;4.2;7;0.593;0.5;1.4;0.319;3.7;5.6;0.665;0.626;2.2;2.7;0.803;1.5;3;4.5;1.2;0.5;0.3;1.2;2.1;11
512;Ish Wainright;SF;29;TOT;8;0;7.1;0.9;3;0.292;0.9;2.5;0.35;0;0.5;0;0.438;0.3;0.3;1;0.4;1.4;1.8;0.1;0.4;0.1;0.3;0.6;2.9
512;Ish Wainright;SF;29;POR;7;0;6.6;0.9;2.6;0.333;0.9;2.3;0.375;0;0.3;0;0.5;0.3;0.3;1;0;1.3;1.3;0;0.3;0.1;0.1;0.6;2.9
512;Ish Wainright;SF;29;PHO;1;0;11;1;6;0.167;1;4;0.25;0;2;0;0.25;0;0;0;3;2;5;1;1;0;1;1;3
513;Jabari Walker;SF;21;POR;57;15;22.1;3.1;6.7;0.469;0.5;1.9;0.264;2.6;4.8;0.547;0.505;1.7;2.2;0.768;2;4.4;6.5;0.9;0.6;0.4;0.9;2.3;8.5
514;Jarace Walker;PF;20;IND;25;0;10.3;1.4;3.6;0.404;0.7;1.8;0.391;0.7;1.7;0.419;0.506;0.3;0.4;0.889;0.4;1.5;2;1.1;0.5;0.4;0.5;0.9;3.9
515;Lonnie Walker IV;SG;25;BRK;45;0;18;4;9;0.446;2.1;5;0.422;1.9;4;0.475;0.562;0.9;1.2;0.774;0.2;1.9;2.1;1.4;0.6;0.3;1;1.4;11
516;Cason Wallace;SG;20;OKC;66;9;20.4;2.6;5.2;0.506;1.2;2.8;0.426;1.4;2.4;0.603;0.622;0.3;0.4;0.793;0.6;1.6;2.2;1.4;0.8;0.5;0.5;1.6;6.8
517;Jordan Walsh;SF;19;BOS;4;0;8.3;0.3;1.3;0.2;0;0.8;0;0.3;0.5;0.5;0.2;0;0;0;0.5;2.3;2.8;0.5;0.5;0.3;0.5;1.3;0.5
518;T.J. Warren;SF;30;MIN;4;0;16;2.3;4.8;0.474;0.3;1.8;0.143;2;3;0.667;0.5;0;0;0;0.5;1.5;2;0.8;0.3;0;0.8;2;4.8
519;P.J. Washington;PF;25;TOT;59;31;29.8;4.9;11.1;0.44;1.7;5.5;0.309;3.2;5.6;0.57;0.517;1.5;2.1;0.699;1.2;4.1;5.3;2;0.9;0.8;1.4;2.4;13
519;P.J. Washington;PF;25;CHO;44;17;29.2;5.2;11.6;0.446;1.8;5.5;0.324;3.4;6;0.558;0.524;1.5;2.1;0.713;1.2;4.1;5.3;2.2;0.9;0.7;1.5;2.5;13.6
519;P.J. Washington;PF;25;DAL;15;14;31.7;4.1;9.9;0.419;1.5;5.5;0.265;2.7;4.3;0.615;0.493;1.3;1.9;0.655;1.1;4.3;5.4;1.3;1.1;0.9;1.2;1.9;11
520;TyTy Washington Jr.;PG;22;MIL;5;0;4.2;0.2;1.4;0.143;0.2;0.6;0.333;0;0.8;0;0.214;0;0;0;0;0.2;0.2;0.2;0.4;0;0.4;0;0.6
521;Yuta Watanabe;SF;29;TOT;34;0;13.6;1.2;3.4;0.353;0.7;2.5;0.294;0.5;0.9;0.516;0.461;0.3;0.5;0.588;0.3;1.3;1.6;0.4;0.4;0.2;0.6;1.1;3.4
521;Yuta Watanabe;SF;29;PHO;29;0;13.2;1.2;3.3;0.361;0.8;2.6;0.32;0.4;0.8;0.5;0.485;0.3;0.5;0.667;0.4;1.2;1.6;0.3;0.3;0.2;0.6;1.2;3.6
521;Yuta Watanabe;SF;29;MEM;5;0;16.4;1.2;3.8;0.316;0.2;2;0.1;1;1.8;0.556;0.342;0;0.4;0;0;1.8;1.8;1;0.6;0;0.6;1;2.6
522;Lindy Waters III;SG;26;OKC;28;0;6.6;0.9;2.1;0.441;0.9;2;0.436;0.1;0.1;0.5;0.644;0;0;0;0.1;0.9;1;0.5;0.1;0.1;0.2;0.6;2.7
523;Trendon Watford;PF;23;BRK;48;0;11.3;2.2;4.2;0.53;0.3;0.9;0.357;1.9;3.3;0.576;0.568;0.9;1.1;0.882;0.8;1.8;2.6;1.1;0.3;0.3;0.7;1.5;5.7
524;Peyton Watson;SF;21;DEN;65;4;18.4;2.7;5.7;0.47;0.6;2.1;0.309;2;3.6;0.564;0.527;0.9;1.4;0.67;0.6;2.3;3;1;0.5;1;0.7;1.7;6.9
525;Victor Wembanyama;C;20;SAS;59;59;28.9;7.5;16.1;0.465;1.7;5.1;0.331;5.8;11;0.528;0.518;3.9;4.9;0.806;2.2;8.1;10.3;3.4;1.3;3.4;3.4;2.2;20.6
526;Blake Wesley;SG;20;SAS;46;1;13.4;1.7;3.3;0.507;0.1;0.7;0.147;1.5;2.5;0.612;0.523;0.8;1.2;0.661;0.3;1;1.3;2.7;0.5;0.2;0.7;1.5;4.2
527;Russell Westbrook;PG;35;LAC;58;10;22.6;4.4;9.8;0.452;0.6;2.4;0.268;3.8;7.4;0.51;0.484;1.6;2.3;0.677;1.4;3.7;5.1;4.4;1.1;0.4;2;1.8;11.1
528;Coby White;PG;23;CHI;66;66;36.7;6.9;15.3;0.452;2.8;7.3;0.388;4.1;8;0.51;0.544;2.8;3.4;0.839;0.6;4.1;4.7;5.2;0.7;0.2;2.2;2.4;19.5
529;Derrick White;SG;29;BOS;62;62;32.3;5.3;11.4;0.466;2.6;6.5;0.4;2.7;4.9;0.555;0.581;1.9;2.1;0.899;0.7;3.5;4.1;5;1;1.3;1.6;2.1;15.1
530;Cam Whitmore;SF;19;HOU;38;1;17.8;4.5;9.6;0.464;1.6;4.4;0.361;2.9;5.2;0.553;0.548;1.6;2.3;0.67;0.9;3;3.9;0.5;0.6;0.3;0.9;1.3;12.1
531;Aaron Wiggins;SG;25;OKC;63;0;14.5;2.4;4.2;0.568;0.7;1.6;0.48;1.7;2.7;0.619;0.656;0.6;0.8;0.771;0.8;1.5;2.3;0.9;0.6;0.2;0.6;1.1;6.1
532;Andrew Wiggins;SF;28;GSW;56;44;26.8;4.8;10.5;0.456;1.1;3.3;0.352;3.7;7.3;0.502;0.51;1.8;2.5;0.736;1.5;2.7;4.2;1.7;0.6;0.5;1.2;2.1;12.6
533;Lindell Wigginton;PG;25;MIL;3;0;2.7;0.7;1.7;0.4;0;0.7;0;0.7;1;0.667;0.4;0.7;0.7;1;0;0;0;0;0;0;0.3;0.3;2
534;Alondes Williams;SG;24;MIA;2;0;4.5;0;1.5;0;0;1;0;0;0.5;0;0;0;0;0;0;0.5;0.5;0;0;0;0.5;0;0
535;Brandon Williams;PG;24;DAL;12;0;4.9;0.7;1.8;0.364;0.2;0.5;0.333;0.5;1.3;0.375;0.409;0.5;0.9;0.545;0.3;0.3;0.6;1;0.1;0.1;0.3;0.2;2
536;Grant Williams;PF;25;TOT;63;37;27.5;3.3;7.6;0.437;1.7;4.5;0.371;1.6;3.1;0.534;0.547;1.4;1.8;0.775;1.1;2.9;4;1.9;0.6;0.5;1.4;2.9;9.6
536;Grant Williams;PF;25;DAL;47;33;26.4;2.8;6.7;0.413;1.7;4.5;0.376;1.1;2.3;0.486;0.538;0.9;1.2;0.745;1;2.6;3.6;1.7;0.5;0.6;1.1;2.9;8.1
536;Grant Williams;PF;25;CHO;16;4;30.8;4.8;9.9;0.484;1.6;4.6;0.356;3.2;5.4;0.593;0.566;2.8;3.5;0.804;1.4;3.9;5.3;2.4;0.8;0.4;2.3;2.8;14.1
537;Jalen Williams;PF;22;OKC;59;59;31.6;7.5;13.9;0.538;1.5;3.4;0.45;6;10.5;0.567;0.594;2.6;3.2;0.819;0.5;3.5;4;4.5;1.1;0.6;1.7;2.6;19.2
538;Jaylin Williams;C;21;OKC;54;0;12.5;1.3;3.2;0.4;0.8;2.1;0.366;0.5;1.2;0.46;0.517;0.4;0.5;0.821;0.5;2.7;3.2;1.3;0.4;0.4;0.4;1.4;3.8
539;Jeenathan Williams;SG;24;HOU;13;0;6.2;1.1;2.3;0.467;0.1;0.2;0.333;1;2.1;0.481;0.483;0.5;0.7;0.667;0.7;0.3;1;0.5;0.2;0;0.2;0.7;2.7
540;Kenrich Williams;PF;29;OKC;54;1;14.1;1.6;3.6;0.449;0.8;2;0.387;0.9;1.7;0.522;0.554;0.1;0.2;0.3;0.8;2.1;2.9;1.2;0.5;0.1;0.4;1.4;4.1
541;Mark Williams;C;22;CHO;19;19;26.7;5.2;7.9;0.649;0;0;0;5.2;7.9;0.649;0.649;2.4;3.4;0.719;4;5.7;9.7;1.2;0.8;1.1;0.9;2.6;12.7
542;Patrick Williams;PF;22;CHI;43;30;27.3;3.7;8.3;0.443;1.4;3.4;0.399;2.3;4.9;0.474;0.525;1.2;1.5;0.788;1.1;2.8;3.9;1.5;0.9;0.8;1.3;2;10
543;Robert Williams;C;26;POR;6;0;19.8;2.8;4.3;0.654;0;0;0;2.8;4.3;0.654;0.654;1.2;1.5;0.778;1.8;4.5;6.3;0.8;1.2;1.2;1.2;2.8;6.8
544;Vince Williams Jr.;SG;23;MEM;52;33;27.6;3.3;7.3;0.446;1.5;4;0.378;1.7;3.3;0.529;0.55;2;2.5;0.8;1.1;4.4;5.6;3.4;0.9;0.7;1.8;2.6;10
545;Ziaire Williams;SF;22;MEM;51;15;20.4;2.9;7.4;0.397;1.1;3.7;0.307;1.8;3.7;0.487;0.474;1.2;1.5;0.827;0.7;2.8;3.5;1.5;0.7;0.2;1.3;1.7;8.2
546;Zion Williamson;PF;23;NOP;55;55;30.9;8.9;15.3;0.58;0.1;0.3;0.357;8.8;15;0.584;0.583;4.7;6.8;0.694;1.8;3.9;5.7;5.1;0.9;0.6;2.5;2.2;22.5
547;Jalen Wilson;PF;23;BRK;28;1;14.6;1.6;3.8;0.411;0.6;1.6;0.348;1;2.2;0.459;0.486;0.9;1;0.889;1.1;1.5;2.7;1.1;0.3;0;0.4;1.1;4.6
548;Dylan Windler;SF;27;TOT;12;0;3.3;0.4;0.9;0.455;0.4;0.8;0.5;0;0.1;0;0.682;0;0;0;0;0.4;0.4;0.6;0;0;0;0.3;1.3
548;Dylan Windler;SF;27;NYK;3;0;2.3;0.3;0.7;0.5;0.3;0.7;0.5;0;0;0;0.75;0;0;0;0;0.3;0.3;0.3;0;0;0;0.3;1
548;Dylan Windler;SF;27;LAL;8;0;3.5;0.5;1.1;0.444;0.5;1;0.5;0;0.1;0;0.667;0;0;0;0;0.4;0.4;0.8;0;0;0;0.3;1.5
548;Dylan Windler;SF;27;ATL;1;0;5;0;0;0;0;0;0;0;0;0;0;0;0;0;0;1;1;0;0;0;0;1;0
549;James Wiseman;C;22;DET;47;0;14.8;2.7;4.1;0.665;0;0;0;2.7;4.1;0.672;0.665;0.8;1.2;0.632;1.6;3;4.6;0.7;0.2;0.6;0.8;2.1;6.3
550;Christian Wood;PF;28;LAL;50;1;17.4;2.5;5.3;0.466;0.7;2.3;0.307;1.8;3;0.587;0.532;1.3;1.9;0.702;0.8;4.3;5.1;1;0.3;0.7;1;1.4;6.9
551;Delon Wright;PG;31;TOT;36;1;14.2;1.4;3.6;0.397;0.4;1.2;0.381;1;2.5;0.404;0.458;0.8;1;0.829;0.4;1.4;1.8;2.5;1.1;0.3;0.3;0.6;4.1
551;Delon Wright;PG;31;WAS;33;0;13.8;1.5;3.7;0.393;0.4;1.2;0.368;1;2.5;0.405;0.451;0.7;0.9;0.828;0.4;1.4;1.8;2.5;1.1;0.2;0.3;0.7;4.1
551;Delon Wright;PG;31;MIA;3;1;18.7;1.3;3;0.444;0.7;1.3;0.5;0.7;1.7;0.4;0.556;1.7;2;0.833;0.3;1;1.3;3;1;0.3;0;0.3;5
552;Thaddeus Young;PF;35;TOT;26;6;14.7;2.2;3.6;0.617;0;0.2;0.167;2.2;3.4;0.648;0.622;0.2;0.5;0.357;1.4;1.9;3.3;2;0.7;0.1;0.5;1.6;4.7
552;Thaddeus Young;PF;35;TOR;23;6;15.2;2.3;3.8;0.621;0;0.3;0.167;2.3;3.5;0.654;0.626;0.2;0.5;0.417;1.3;2;3.3;2.2;0.8;0.1;0.5;1.7;5
552;Thaddeus Young;PF;35;PHO;3;0;10.7;1.3;2.3;0.571;0;0;0;1.3;2.3;0.571;0.571;0;0.7;0;2.7;1;3.7;0.3;0.3;0;0.3;1.3;2.7
553;Trae Young;PG;25;ATL;51;51;36.5;8.2;19.3;0.426;3.3;8.9;0.371;4.9;10.3;0.473;0.512;6.6;7.8;0.856;0.4;2.3;2.7;10.8;1.4;0.2;4.3;2.1;26.4
554;Omer Yurtseven;C;25;UTA;35;6;9.1;1.4;2.7;0.521;0.1;0.5;0.235;1.3;2.2;0.584;0.543;0.2;0.4;0.533;1.3;2.3;3.6;0.5;0.1;0.4;0.7;1.1;3.1
555;Cody Zeller;C;31;NOP;39;0;7.7;0.6;1.5;0.417;0;0.1;0.333;0.6;1.5;0.421;0.425;0.6;0.9;0.611;1.2;1.6;2.7;0.9;0.2;0.1;0.4;1.1;1.9
556;Ivica Zubac;C;26;LAC;54;54;26.4;4.9;7.5;0.653;0;0;0;4.9;7.5;0.653;0.653;1.7;2.5;0.687;2.9;6.2;9.2;1.4;0.2;1.2;1.2;2.7;11.5
